dataset,missingness,method,W_train,W_test,R2_real,R2_fake,R2_comb,F1_real,F1_fake,F1_comb,coverage_train,coverage_test,percent_bias,coverage_rate,AW,class_score,time,R2_lin_real,R2_lin_fake,R2_lin_comb,F1_lin_real,F1_lin_fake,F1_lin_comb,R2_linboost_real,R2_linboost_fake,R2_linboost_comb,F1_linboost_real,F1_linboost_fake,F1_linboost_comb,R2_tree_real,R2_tree_fake,R2_tree_comb,F1_tree_real,F1_tree_fake,F1_tree_comb,R2_treeboost_real,R2_treeboost_fake,R2_treeboost_comb,F1_treeboost_real,F1_treeboost_fake,F1_treeboost_comb
iris,MCAR(0.2 none),forest_diffusion_flow_nt51_ycond,0.2403975899,0.3458785675,0,0,0,0.9715013544,0.9592820143,0.9673259327,0.8077777778,0.8977777778,0,0,0,4.03E-01,13.53649799,0,0,0,1,0.9821550509,0.9844054581,0,0,0,0.9664143524,0.9437458708,0.9552753939,0,0,0,0.9642878239,0.9669755976,0.9741508654,0,0,0,0.9553032413,0.9442515379,0.9554720134
wine,MCAR(0.2 none),forest_diffusion_flow_nt51_ycond,1.229356924,1.524545477,0,0,0,0.9560277573,0.88694369,0.9631343522,0.8023474178,0.8833333333,0,0,0,0.4326589463,90.99998323,0,0,0,0.946394619,0.829326096,0.9541305876,0,0,0,0.9093720944,0.8601308784,0.92644874,0,0,0,0.9982675329,0.9613328201,0.9979210395,0,0,0,0.9700767828,0.8969849655,0.9740370416
parkinsons,MCAR(0.2 none),forest_diffusion_flow_nt51_ycond,1.889245582,1.846420189,0,0,0,0.8238306255,0.7006334382,0.8237522816,0.5405982906,0.8632478632,0,0,0,0.4501640692,166.1617568,0,0,0,0.709725269,0.6957554423,0.7221628601,0,0,0,0.8621966794,0.6831932891,0.8404509173,0,0,0,0.8572741829,0.7200228647,0.8615317613,0,0,0,0.8661263704,0.7035621566,0.8708635877
climate_model_crashes,MCAR(0.2 none),forest_diffusion_flow_nt51_ycond,3.22538046,3.712734979,0,0,0,0.7608071444,0.6549061777,0.7598753165,0.862191358,0.9598765432,0,0,0,0.4491426879,133.269896,0,0,0,0.8369939188,0.7270482461,0.8469553801,0,0,0,0.8195912949,0.6047487406,0.8047660176,0,0,0,0.5376682743,0.5992796673,0.5634360731,0,0,0,0.8489750894,0.6885480567,0.8243437953
concrete_compression,MCAR(0.2 none),forest_diffusion_flow_nt51_ycond,0.3940821353,0.5981964924,0.7890316565,0.712868311,0.7813864805,0,0,0,0.6084142395,0.8343042071,171.5082888,0.1259259259,9.719527164,0.4204277975,32.21839968,0.5759607897,0.5439581761,0.5691145819,0,0,0,0.7630503934,0.7165033012,0.7449469662,0,0,0,0.904734688,0.8008740808,0.8981792801,0,0,0,0.9123807549,0.7901376858,0.9133050937,0,0,0
yacht_hydrodynamics,MCAR(0.2 none),forest_diffusion_flow_nt51_ycond,0.3846434055,0.5832602534,0.8956182635,0.8927005689,0.8975282458,0,0,0,0.7043360434,0.8892473118,126.2448294,0.6095238095,38.77907,0.4682549536,13.15851744,0.5993811972,0.6030240601,0.6089117095,0,0,0,0.9897862716,0.9860520474,0.9884291219,0,0,0,0.9970182189,0.9922240341,0.9965306984,0,0,0,0.9962873662,0.9895021341,0.9962414535,0,0,0
airfoil_self_noise,MCAR(0.2 none),forest_diffusion_flow_nt51_ycond,0.162741963,0.2667758322,0.7624965712,0.6757320865,0.7542730731,0,0,0,0.7400443705,0.9204872647,7.221364793,0.7444444444,12.14307462,0.4553478914,20.77558525,0.5087932287,0.5037242141,0.5081317675,0,0,0,0.6605055143,0.6061737056,0.6464497805,0,0,0,0.9329225501,0.8000468338,0.9282493969,0,0,0,0.9477649919,0.7929835927,0.9342613473,0,0,0
connectionist_bench_sonar,MCAR(0.2 none),forest_diffusion_flow_nt51_ycond,7.773084612,8.861348025,0,0,0,0.818381758,0.7102989786,0.7897812309,0.5807228916,0.873015873,0,0,0,4.68E-01,1124.723555,0,0,0,0.7116789746,0.7262056598,0.7133686085,0,0,0,0.8401233699,0.6906887482,0.8114803259,0,0,0,0.8329529656,0.7380858911,0.8129574264,0,0,0,0.8887717218,0.6862156153,0.8213185626
ionosphere,MCAR(0.2 none),forest_diffusion_flow_nt51_ycond,4.182772469,4.76366224,0,0,0,0.9129495335,0.8261932087,0.9015504468,0.5726190476,0.7680751174,0,0,0,0.4454460343,407.6949422,0,0,0,0.8506690212,0.7907684654,0.8422199541,0,0,0,0.9387153881,0.8401605865,0.919181167,0,0,0,0.9399530096,0.8473331353,0.933385056,0,0,0,0.922460715,0.8265106478,0.9114156102
qsar_biodegradation,MCAR(0.2 none),forest_diffusion_flow_nt51_ycond,1.483003137,1.654889841,0,0,0,0.8517768076,0.803770751,0.8494476729,0.4597156398,0.8018957346,0,0,0,0.4709788078,785.7990226,0,0,0,0.857561255,0.8209528438,0.8527245515,0,0,0,0.8302144943,0.7973199667,0.830519613,0,0,0,0.8621689851,0.799738309,0.8573633574,0,0,0,0.8571624959,0.7970718844,0.8571831697
seeds,MCAR(0.2 none),forest_diffusion_flow_nt51_ycond,0.4237958195,0.5624332688,0,0,0,0.8711821463,0.8870006183,0.890141707,0.7686507937,0.9349206349,0,0,0,0.3713197548,30.68557247,0,0,0,0.936659665,0.8979561323,0.9410343736,0,0,0,0.6485722286,0.8402445196,0.7181894028,0,0,0,0.9634046442,0.9033307824,0.9520502497,0,0,0,0.9360920476,0.9064710391,0.9492928017
glass,MCAR(0.2 none),forest_diffusion_flow_nt51_ycond,0.5575704814,0.7100237195,0,0,0,0.6205299257,0.4878358882,0.6025135186,0.718128655,0.8589147287,0,0,0,0.4289339164,70.88401882,0,0,0,0.5611093415,0.5436650057,0.5988822326,0,0,0,0.4344818638,0.3720809531,0.4146336899,0,0,0,0.7354191386,0.5442719153,0.7049515057,0,0,0,0.7511093587,0.4913256786,0.6915866462
yeast,MCAR(0.2 none),forest_diffusion_flow_nt51_ycond,0.2558509357,0.3440940829,0,0,0,0.5159895897,0.3865308611,0.4854501554,0.7781522044,0.9115600449,0,0,0,0.4427788996,129.0117547,0,0,0,0.5386445957,0.4693042426,0.5335810373,0,0,0,0.4064941104,0.1943958283,0.3338786346,0,0,0,0.5586396039,0.4210761009,0.5231430041,0,0,0,0.5601800486,0.4613472725,0.5511979454
libras,MCAR(0.2 none),forest_diffusion_flow_nt51_ycond,10.09849294,11.16567475,0,0,0,0.5838362184,0.3303278494,0.5857543237,0.4800925926,0.7361111111,0,0,0,0.4595517952,10084.75589,0,0,0,0.6962763163,0.4749520026,0.7253535354,0,0,0,0.07820754173,0.0886242359,0.07264686526,0,0,0,0.8112754159,0.4767415771,0.7916888642,0,0,0,0.7495855996,0.2809935818,0.75332803
planning_relax,MCAR(0.2 none),forest_diffusion_flow_nt51_ycond,1.153821236,1.494692754,0,0,0,0.4314188016,0.4630762435,0.4421163653,0.7967816092,0.9585585586,0,0,0,4.10E-01,54.85799615,0,0,0,0.3994260604,0.5176179325,0.4575912421,0,0,0,0.3970594979,0.4487766048,0.4307463507,0,0,0,0.448442713,0.4444704062,0.4357972547,0,0,0,0.4807469349,0.4414400307,0.4443306137
blood_transfusion,MCAR(0.2 none),forest_diffusion_flow_nt51_ycond,0.09137010646,0.1313566378,0,0,0,0.5975314873,0.629868801,0.6104068095,0.8322185061,0.9546666667,0,0,0,0.4094127667,11.60628549,0,0,0,0.5587315331,0.6172835683,0.5917750038,0,0,0,0.6518887858,0.6413753228,0.6455559592,0,0,0,0.590736905,0.631198982,0.5881627185,0,0,0,0.5887687251,0.6296173308,0.6161335565
breast_cancer_diagnostic,MCAR(0.2 none),forest_diffusion_flow_nt51_ycond,1.663024984,1.814336653,0,0,0,0.9621434348,0.9124605401,0.9603191021,0.7408058608,0.8994152047,0,0,0,0.4422115882,386.1995961,0,0,0,0.9684572719,0.8987458662,0.9616218919,0,0,0,0.9557957103,0.9015111345,0.9564550962,0,0,0,0.9559334667,0.9298763372,0.9583880789,0,0,0,0.9683872901,0.9197088223,0.9648113416
connectionist_bench_vowel,MCAR(0.2 none),forest_diffusion_flow_nt51_ycond,0.6086667327,0.8271552498,0,0,0,0.6504474126,0.5267399528,0.668642832,0.5364478114,0.8606060606,0,0,0,0.390311675,214.5694129,0,0,0,0.6731765241,0.6122886377,0.6540545056,0,0,0,0.0767009015,0.1197554478,0.1709760819,0,0,0,0.9569156874,0.7244561579,0.9519565667,0,0,0,0.8949965374,0.6504595678,0.8975841736
concrete_slump,MCAR(0.2 none),forest_diffusion_flow_nt51_ycond,0.7714320487,1.27479402,0.8254924131,0.519138119,0.7924906312,0,0,0,0.7341463415,0.8317460317,42.75982085,0.875,11.67516739,0.4052046905,13.0156041,0.8461201115,0.8092505575,0.83343631,0,0,0,0.8023021994,0.4586720263,0.788899223,0,0,0,0.8057604675,0.4508757793,0.7812920478,0,0,0,0.8477868741,0.357754113,0.7663349439,0,0,0
wine_quality_red,MCAR(0.2 none),forest_diffusion_flow_nt51_ycond,0.4261624912,0.5459612983,0.3475731869,0.2036472134,0.3351995336,0,0,0,0.8667709148,0.9535416667,124.6325709,0.6545454545,12.95886897,0.4448289938,57.45333624,0.3220754354,0.2671052488,0.309284557,0,0,0,0.3179794107,0.2299853154,0.3006056992,0,0,0,0.4248786184,0.2352300888,0.4115822279,0,0,0,0.3253592829,0.08226820072,0.3193256504,0,0,0
wine_quality_white,MCAR(0.2 none),forest_diffusion_flow_nt51_ycond,0.4068256534,0.4772154781,0.3677915875,0.2367754399,0.3604910512,0,0,0,0.8573591969,0.9661904762,222.0272172,0.6,14.70245056,0.4398749354,193.0648715,0.2622624323,0.2500733719,0.2603005709,0,0,0,0.2939442049,0.2331768459,0.2721666018,0,0,0,0.4878961919,0.2992197242,0.4838001025,0,0,0,0.4270635209,0.1646318178,0.4256969297,0,0,0
tictactoe,MCAR(0.2 none),forest_diffusion_flow_nt51_ycond,1.616985343,2.155746166,0,0,0,0.8996244339,0.6627308603,0.7603597757,0.6348128808,0.6079861111,0,0,0,3.82E-01,122.9854731,0,0,0,0.9787439883,0.6416621768,0.6912356313,0,0,0,0.7195647636,0.6349712472,0.6724893887,0,0,0,0.9097889033,0.6699244213,0.816096786,0,0,0,0.9904000804,0.7043655958,0.8616172969
congress,MCAR(0.2 none),forest_diffusion_flow_nt51_ycond,3.522595084,3.87182944,0,0,0,0.9466191907,0.9149246146,0.9444166397,0.2459770115,0.3524904215,0,0,0,0.4896558698,254.6176474,0,0,0,0.9278383913,0.8734201953,0.9416673066,0,0,0,0.95171629,0.9190765927,0.9400097732,0,0,0,0.9510797494,0.9352222007,0.9477644679,0,0,0,0.955842332,0.9319794699,0.948225011
car,MCAR(0.2 none),forest_diffusion_flow_nt51_ycond,1.007503124,1.269601987,0,0,0,0.7444092371,0.5316940277,0.624105759,0.3850940666,0.5412331407,0,0,0,0.3848821788,159.0859222,0,0,0,0.8649293999,0.6119111289,0.7068127521,0,0,0,0.5903696489,0.5258138697,0.5800331292,0,0,0,0.6097108019,0.486554208,0.5434296053,0,0,0,0.9126270976,0.502496904,0.6661475496
iris,MCAR(0.2 none),forest_diffusion_vp_nt51_ycond,0.2546877477,0.347529339,0,0,0,0.9715013544,0.963028041,0.9729721838,0.7477777778,0.92,0,0,0,0.392399023,15.08495378,0,0,0,1,0.9799313098,0.9888610415,0,0,0,0.9664143524,0.9549384404,0.9662758816,0,0,0,0.9642878239,0.9708658464,0.9768242154,0,0,0,0.9553032413,0.9463765673,0.9599275968
wine,MCAR(0.2 none),forest_diffusion_vp_nt51_ycond,1.219204198,1.494948427,0,0,0,0.9560277573,0.8979067746,0.9541364905,0.7985915493,0.8759259259,0,0,0,0.4175342462,97.80045398,0,0,0,0.946394619,0.8377836668,0.9524344289,0,0,0,0.9093720944,0.8517531079,0.8835945236,0,0,0,0.9982675329,0.9777727417,0.9982675329,0,0,0,0.9700767828,0.9243175822,0.9822494768
parkinsons,MCAR(0.2 none),forest_diffusion_vp_nt51_ycond,1.861644392,1.824735837,0,0,0,0.8238306255,0.7362764308,0.8272680332,0.4491452991,0.8461538462,0,0,0,0.4380595897,175.4054314,0,0,0,0.709725269,0.7080276323,0.7468768862,0,0,0,0.8621966794,0.7351461398,0.8401690038,0,0,0,0.8572741829,0.7637719521,0.8644421091,0,0,0,0.8661263704,0.7381599988,0.8575841338
climate_model_crashes,MCAR(0.2 none),forest_diffusion_vp_nt51_ycond,3.194760872,3.687287055,0,0,0,0.7608071444,0.7056244254,0.777739167,0.8944444444,0.9672839506,0,0,0,0.4340874603,148.2230493,0,0,0,0.8369939188,0.7407775881,0.8438942916,0,0,0,0.8195912949,0.6772340751,0.8054975446,0,0,0,0.5376682743,0.6571169379,0.6435358059,0,0,0,0.8489750894,0.7473691004,0.8180290257
concrete_compression,MCAR(0.2 none),forest_diffusion_vp_nt51_ycond,0.4736017811,0.6541454364,0.7890316565,0.6512585033,0.7705035123,0,0,0,0.3415857605,0.7265372168,1.86E+02,0.08888888889,8.290251765,4.34E-01,39.31044006,0.5759607897,0.5323826622,0.5639614702,0,0,0,0.7630503934,0.654398607,0.7272772257,0,0,0,0.904734688,0.7142322472,0.8868114981,0,0,0,0.9123807549,0.7040204968,0.903963855,0,0,0
yacht_hydrodynamics,MCAR(0.2 none),forest_diffusion_vp_nt51_ycond,0.4619905118,0.6530754035,0.8956182635,0.8576666212,0.8898895872,0,0,0,0.3769647696,0.852688172,162.5468716,0.6,37.50388999,0.465770973,15.23417004,0.5993811972,0.5873437051,0.6006933448,0,0,0,0.9897862716,0.9507976294,0.9780487167,0,0,0,0.9970182189,0.9645226834,0.9926209087,0,0,0,0.9962873662,0.9280024667,0.9881953785,0,0,0
airfoil_self_noise,MCAR(0.2 none),forest_diffusion_vp_nt51_ycond,0.2277764264,0.3180381567,0.7624965712,0.6202760208,0.7387074833,0,0,0,0.2892401553,0.7926910299,8.948664713,0.7555555556,12.16510156,0.4478202458,27.01960381,0.5087932287,0.5009592912,0.5070653622,0,0,0,0.6605055143,0.5541706768,0.5999317131,0,0,0,0.9329225501,0.7228307672,0.9223689821,0,0,0,0.9477649919,0.703143348,0.9254638759,0,0,0
connectionist_bench_sonar,MCAR(0.2 none),forest_diffusion_vp_nt51_ycond,7.899389431,8.980254193,0,0,0,0.818381758,0.7248041823,0.8038742144,0.5570281124,0.8412698413,0,0,0,0.4554213293,1138.513505,0,0,0,0.7116789746,0.7465780313,0.7097842291,0,0,0,0.8401233699,0.7053342813,0.8385881487,0,0,0,0.8329529656,0.7541156239,0.8266166151,0,0,0,0.8887717218,0.6931887928,0.8405078648
ionosphere,MCAR(0.2 none),forest_diffusion_vp_nt51_ycond,4.072936046,4.688432406,0,0,0,0.9129495335,0.8643394337,0.904710996,0.4502380952,0.7220657277,0,0,0,0.4230136486,422.110326,0,0,0,0.8506690212,0.8118920264,0.8487569914,0,0,0,0.9387153881,0.8841027884,0.9165307518,0,0,0,0.9399530096,0.8757011207,0.9346850486,0,0,0,0.922460715,0.8856617994,0.918871192
qsar_biodegradation,MCAR(0.2 none),forest_diffusion_vp_nt51_ycond,1.620377187,1.790477123,0,0,0,0.8517768076,0.8107998338,0.8479420546,0.1965244866,0.6420221169,0,0,0,0.4662130269,837.5399641,0,0,0,0.857561255,0.8249129004,0.8434539587,0,0,0,0.8302144943,0.8009362243,0.8328921881,0,0,0,0.8621689851,0.8085797023,0.8590663793,0,0,0,0.8571624959,0.808770508,0.8563556924
seeds,MCAR(0.2 none),forest_diffusion_vp_nt51_ycond,0.4580221979,0.5756129815,0,0,0,0.8711821463,0.8928727762,0.8805586454,0.7063492063,0.9333333333,0,0,0,0.3556398046,34.43372933,0,0,0,0.936659665,0.921966826,0.9522711714,0,0,0,0.6485722286,0.8430168494,0.6714037426,0,0,0,0.9634046442,0.9051207492,0.9510562331,0,0,0,0.9360920476,0.9013866802,0.9475034346
glass,MCAR(0.2 none),forest_diffusion_vp_nt51_ycond,0.5598509776,0.7144556973,0,0,0,0.6205299257,0.5213760546,0.592910829,0.534502924,0.8015503876,0.00E+00,0,0,4.18E-01,84.82593377,0,0,0,0.5611093415,0.5739633719,0.6134571701,0,0,0,0.4344818638,0.3202805911,0.3230809741,0,0,0,0.7354191386,0.6227949259,0.7076377373,0,0,0,0.7511093587,0.5684653295,0.7274674347
yeast,MCAR(0.2 none),forest_diffusion_vp_nt51_ycond,0.2908019875,0.3687634347,0,0,0,0.5159895897,0.4188589623,0.4914663864,0.647795563,0.8873176207,0,0,0,0.43762912,149.5912646,0,0,0,0.5386445957,0.4713659523,0.534996598,0,0,0,0.4064941104,0.2735118306,0.3055429278,0,0,0,0.5586396039,0.4565323288,0.5587633154,0,0,0,0.5601800486,0.4740257375,0.5665627043
libras,MCAR(0.2 none),forest_diffusion_vp_nt51_ycond,10.19954731,11.30666857,0,0,0,0.5838362184,0.3610200893,0.5820326014,0.4326388889,0.7268518519,0,0,0,0.4368785107,13184.77197,0,0,0,0.6962763163,0.4857720609,0.7227044807,0,0,0,0.07820754173,0.07280622279,0.06613410555,0,0,0,0.8112754159,0.5235071795,0.7924736251,0,0,0,0.7495855996,0.361994894,0.7468181942
planning_relax,MCAR(0.2 none),forest_diffusion_vp_nt51_ycond,1.156525956,1.463485985,0,0,0,0.4314188016,0.5088559226,0.481510465,0.7894252874,0.9495495495,0,0,0,0.3968947763,62.46675944,0,0,0,0.3994260604,0.5474918421,0.4522058438,0,0,0,0.3970594979,0.4981067435,0.4850818093,0,0,0,0.448442713,0.484452687,0.4573549689,0,0,0,0.4807469349,0.5053724179,0.5313992382
blood_transfusion,MCAR(0.2 none),forest_diffusion_vp_nt51_ycond,0.1147485156,0.1456496469,0,0,0,0.5975314873,0.619774075,0.6099645776,0.825083612,0.9555555556,0,0,0,0.4179593921,14.31080405,0,0,0,0.5587315331,0.5911473312,0.578578623,0,0,0,0.6518887858,0.6282071029,0.6440395688,0,0,0,0.590736905,0.6402777654,0.6023096504,0,0,0,0.5887687251,0.6194641007,0.6149304681
breast_cancer_diagnostic,MCAR(0.2 none),forest_diffusion_vp_nt51_ycond,1.744059792,1.886989339,0,0,0,0.9621434348,0.9284051243,0.960804652,0.5706959707,0.8502923977,0,0,0,0.4219478302,397.9161808,0,0,0,0.9684572719,0.9443251798,0.9639274146,0,0,0,0.9557957103,0.9142234641,0.9570628955,0,0,0,0.9559334667,0.9324047919,0.9575125471,0,0,0,0.9683872901,0.9226670614,0.9647157509
connectionist_bench_vowel,MCAR(0.2 none),forest_diffusion_vp_nt51_ycond,0.6503385844,0.8424460203,0,0,0,0.6504474126,0.5412938649,0.6769437134,0.3933501684,0.8474747475,0,0,0,0.3800486918,237.1827047,0,0,0,0.6731765241,0.6265272686,0.6572723167,0,0,0,0.0767009015,0.136025031,0.1938015737,0,0,0,0.9569156874,0.7293432346,0.9479422009,0,0,0,0.8949965374,0.6732799254,0.9087587621
concrete_slump,MCAR(0.2 none),forest_diffusion_vp_nt51_ycond,0.8261921172,1.284865209,0.8254924131,0.5684601613,0.8116436311,0,0,0,0.7308943089,0.8063492063,3.67E+01,0.6916666667,11.50975218,3.99E-01,14.94480515,0.8461201115,0.8070964934,0.8309906701,0,0,0,0.8023021994,0.5125008522,0.779111345,0,0,0,0.8057604675,0.515053065,0.8134981045,0,0,0,0.8477868741,0.4391902346,0.8229744048,0,0,0
wine_quality_red,MCAR(0.2 none),forest_diffusion_vp_nt51_ycond,0.4647487989,0.5677195895,0.3475731869,0.230296063,0.3473324671,0,0,0,0.7748762054,0.9308333333,103.2519696,0.6848484848,12.19142294,0.4308430954,73.07562606,0.3220754354,0.2753640543,0.3088946014,0,0,0,0.3179794107,0.2485094587,0.2905970556,0,0,0,0.4248786184,0.2632772687,0.4289037838,0,0,0,0.3253592829,0.1340334702,0.3609344278,0,0,0
wine_quality_white,MCAR(0.2 none),forest_diffusion_vp_nt51_ycond,0.4468060047,0.5093211927,0.3677915875,0.2434214256,0.3604069177,0,0,0,0.7351199592,0.9331292517,179.4310077,0.3444444444,7.605735881,0.4282587038,251.1009271,0.2622624323,0.2499801477,0.2626111969,0,0,0,0.2939442049,0.2453989127,0.2745939104,0,0,0,0.4878961919,0.2974769836,0.4863221177,0,0,0,0.4270635209,0.1808296583,0.418100446,0,0,0
tictactoe,MCAR(0.2 none),forest_diffusion_vp_nt51_ycond,1.578507634,2.140382906,0,0,0,0.8996244339,0.6565533165,0.7644832519,0.6491731941,0.6128472222,0,0,0,0.3746495867,135.4887171,0,0,0,0.9787439883,0.6312555198,0.6918383223,0,0,0,0.7195647636,0.6313634173,0.6742933415,0,0,0,0.9097889033,0.6731499322,0.8286207459,0,0,0,0.9904000804,0.6904443967,0.8631805977
congress,MCAR(0.2 none),forest_diffusion_vp_nt51_ycond,3.530166173,3.921757785,0,0,0,0.9466191907,0.9122594867,0.9433141003,0.2494252874,0.3425287356,0,0,0,0.4900281075,268.3638448,0,0,0,0.9278383913,0.8632875532,0.9395254353,0,0,0,0.95171629,0.9237949282,0.9400325133,0,0,0,0.9510797494,0.9323732604,0.946966827,0,0,0,0.955842332,0.9295822049,0.9467316256
car,MCAR(0.2 none),forest_diffusion_vp_nt51_ycond,0.9381033203,1.220644886,0,0,0,0.7444092371,0.5387216092,0.6249399749,0.3984081042,0.5572254335,0,0,0,0.3777081456,173.0207739,0,0,0,0.8649293999,0.6154889934,0.7087499861,0,0,0,0.5903696489,0.5115135807,0.5776708273,0,0,0,0.6097108019,0.502687529,0.5456880548,0,0,0,0.9126270976,0.5251963338,0.6676510311
california,MCAR(0.2 none),forest_diffusion_flow_nt51_ycond,0,0,0.6559524382,0.5879480332,0.6461844856,0,0,0,0.7145671835,0.9401970284,44.75903071,0.237037037,0.3389287242,0.4211949143,326.8811607,0.5974351433,0.577716025,0.5928350681,0,0,0,0.3911435852,0.4134827444,0.3983738824,0,0,0,0.804350173,0.6813600408,0.7825664533,0,0,0,0.8308808513,0.6792333226,0.8109625387,0,0,0
bean,MCAR(0.2 none),forest_diffusion_flow_nt51_ycond,0,0,0,0,0,0.8048521685,0.7892416612,0.803407965,0.7703098212,0.9488309463,0,0,0,0.3796921742,1005.650912,0,0,0,0.8393735762,0.7696710585,0.798187163,0,0,0,0.5081498776,0.5234737603,0.5416946076,0,0,0,0.9339874155,0.9314621964,0.9354239659,0,0,0,0.9378978047,0.9323596297,0.9383261235
california,MCAR(0.2 none),forest_diffusion_vp_nt51_ycond,0,0,0.6559524382,0.5989656264,0.6605018458,0,0,0,0.2165859173,0.5841892765,52.95697561,0.1185185185,0.3099953877,0.4374038003,454.4803055,0.5974351433,0.5814355159,0.5858774107,0,0,0,0.3911435852,0.4212752415,0.4330201796,0,0,0,0.804350173,0.6880045352,0.8043277731,0,0,0,0.8308808513,0.705147213,0.8187820197,0,0,0
bean,MCAR(0.2 none),forest_diffusion_vp_nt51_ycond,0,0,0,0,0,0.8048521685,0.8371054445,0.7983500371,0.09785084497,0.4155220957,0,0,0,0.4065519191,1140.440394,0,0,0,0.8393735762,0.8114838273,0.792658231,0,0,0,0.5081498776,0.6695250491,0.527905752,0,0,0,0.9339874155,0.9321021493,0.9348635554,0,0,0,0.9378978047,0.9353107523,0.9379726098
iris,MCAR(0.2 MissForest),oracle,0,0.2361080705,0,0,0,0.9715013544,0.9715013544,0.9726321275,1,0.9333333333,0,0,0,0.832336918,5.55E-05,0,0,0,1,1,1,0,0,0,0.9664143524,0.9664143524,0.9664143524,0,0,0,0.9642878239,0.9642878239,0.9575031856,0,0,0,0.9553032413,0.9553032413,0.9666109719
iris,MCAR(0.2 MissForest),CTGAN,1.115175246,1.150303703,0,0,0,0.9715013544,0.305763185,0.8674784149,0.03555555556,0.1177777778,0,0,0,0.4643114892,5.162764708,0,0,0,1,0.3292022455,0.7812092307,0,0,0,0.9664143524,0.3216927854,0.7659388437,0,0,0,0.9642878239,0.2787591881,0.9673788019,0,0,0,0.9553032413,0.2933985208,0.9553867835
iris,MCAR(0.2 MissForest),GaussianCopula,0.6906523736,0.7350161236,0,0,0,0.9715013544,0.5886152626,0.8904500385,0.1655555556,0.4977777778,0,0,0,0.4412028766,0.3391599655,0,0,0,1,0.6248366688,0.8653023552,0,0,0,0.9664143524,0.5732126507,0.7876929921,0,0,0,0.9642878239,0.6021501531,0.9603034185,0,0,0,0.9553032413,0.5542615777,0.9485013882
iris,MCAR(0.2 MissForest),TVAE,0.4520404825,0.4969227363,0,0,0,0.9715013544,0.8956030373,0.9286629157,0.4366666667,0.8222222222,0,0,0,0.4088319826,1.797934294,0,0,0,1,0.9456771625,0.9753631165,0,0,0,0.9664143524,0.7895678968,0.8225911134,0,0,0,0.9642878239,0.9482269727,0.9682499022,0,0,0,0.9553032413,0.898940117,0.9484475309
iris,MCAR(0.2 MissForest),CopulaGAN,1.052482833,1.094201967,0,0,0,0.9715013544,0.3434542505,0.886393917,0.06944444444,0.2266666667,0,0,0,4.51E-01,4.673621655,0,0,0,1,0.3598058234,0.8166042473,0,0,0,0.9664143524,0.3532461157,0.8294135317,0,0,0,0.9642878239,0.3240267545,0.9601775094,0,0,0,0.9553032413,0.3367383085,0.9393803798
iris,MCAR(0.2 MissForest),CTABGAN,0.819871155,0.8356287392,0,0,0,0.9715013544,0.4381117496,0.8866677484,0.1633333333,0.3933333333,0,0,0,0.4517604583,3.107873678,0,0,0,1,0.5200446748,0.8935560415,0,0,0,0.9664143524,0.3521914411,0.733488951,0,0,0,0.9642878239,0.4460859912,0.9665223665,0,0,0,0.9553032413,0.4341248914,0.9531036345
iris,MCAR(0.2 MissForest),stasy,0.5158055927,0.5940824216,0,0,0,0.9715013544,0.912094968,0.9361441978,0.6405555556,0.8977777778,0,0,0,0.4166282689,112.012209,0,0,0,1,0.9459260103,0.9888610415,0,0,0,0.9664143524,0.804376428,0.828470296,0,0,0,0.9642878239,0.9598276837,0.969618727,0,0,0,0.9553032413,0.9382497498,0.9576267267
iris,MCAR(0.2 MissForest),TabDDPM,0.2140640318,0.3298465183,0,0,0,0.9715013544,0.930167663,0.9554428499,0.8577777778,0.9,0,0,0,0.4017256174,121.366464,0,0,0,1,0.9597421162,0.9798823658,0,0,0,0.9664143524,0.8651091037,0.9366272262,0,0,0,0.9642878239,0.9561522506,0.9588601132,0,0,0,0.9553032413,0.9396671814,0.9464016945
wine,MCAR(0.2 MissForest),oracle,0,1.440255312,0,0,0,0.9560277573,0.9560277573,0.9551615238,1,0.9444444444,0,0,0,0.830609094,5.52E-05,0,0,0,0.946394619,0.946394619,0.946394619,0,0,0,0.9093720944,0.9093720944,0.9093720944,0,0,0,0.9982675329,0.9982675329,0.9948025987,0,0,0,0.9700767828,0.9700767828,0.9700767828
wine,MCAR(0.2 MissForest),CTGAN,2.744295658,2.918237061,0,0,0,0.9560277573,0.3897575014,0.9163847437,0.01784037559,0.08333333333,0,0,0,0.4798248306,6.933936357,0,0,0,0.946394619,0.416966722,0.9021864865,0,0,0,0.9093720944,0.4205486068,0.8434050189,0,0,0,0.9982675329,0.3441965036,0.9729184244,0,0,0,0.9700767828,0.3773181735,0.947029045
wine,MCAR(0.2 MissForest),GaussianCopula,1.941942946,2.137253538,0,0,0,0.9560277573,0.6685216075,0.9438299985,0.2187793427,0.5074074074,0,0,0,0.5292199398,1.237997532,0,0,0,0.946394619,0.7044527442,0.9629233496,0,0,0,0.9093720944,0.6317456144,0.8679896893,0,0,0,0.9982675329,0.6870929031,0.9844048935,0,0,0,0.9700767828,0.6507951682,0.9600020615
wine,MCAR(0.2 MissForest),TVAE,1.565372345,1.752319943,0,0,0,0.9560277573,0.8959140752,0.9403200519,0.4751173709,0.8148148148,0,0,0,0.4011409358,3.888985316,0,0,0,0.946394619,0.911557451,0.9605741378,0,0,0,0.9093720944,0.8009202854,0.8485930589,0,0,0,0.9982675329,0.9456470791,0.9811768252,0,0,0,0.9700767828,0.9255314854,0.9709361857
wine,MCAR(0.2 MissForest),CopulaGAN,2.885751634,3.029607398,0,0,0,0.9560277573,0.3247596528,0.9237025228,0.02112676056,0.07407407407,0,0,0,0.5810282143,8.295299927,0,0,0,0.946394619,0.3716273847,0.9122300181,0,0,0,0.9093720944,0.2720236657,0.8619282064,0,0,0,0.9982675329,0.3235432531,0.9759679333,0,0,0,0.9700767828,0.3318443077,0.9446839334
wine,MCAR(0.2 MissForest),CTABGAN,1.980233245,2.153371603,0,0,0,0.9560277573,0.4202984207,0.919126668,0.241314554,0.5148148148,0,0,0,0.4555828042,3.529272159,0,0,0,0.946394619,0.4706504938,0.9271910519,0,0,0,0.9093720944,0.3679467523,0.8264930645,0,0,0,0.9982675329,0.4572129804,0.9795049224,0,0,0,0.9700767828,0.3853834561,0.943317633
wine,MCAR(0.2 MissForest),stasy,1.714586492,1.993810383,0,0,0,0.9560277573,0.9081477969,0.9574192947,0.6464788732,0.7981481481,0,0,0,0.3996262767,116.1889469,0,0,0,0.946394619,0.906712143,0.9582789309,0,0,0,0.9093720944,0.8052562928,0.8895465252,0,0,0,0.9982675329,0.9609877763,0.9975868658,0,0,0,0.9700767828,0.9596349755,0.984264857
wine,MCAR(0.2 MissForest),TabDDPM,0.8381089121,1.474629754,0,0,0,0.9560277573,0.9246256754,0.9478182001,0.9370892019,0.9351851852,0,0,0,0.3534722481,122.3944211,0,0,0,0.946394619,0.930917999,0.9524130078,0,0,0,0.9093720944,0.8349877833,0.873927159,0,0,0,0.9982675329,0.9800854829,0.9923771448,0,0,0,0.9700767828,0.9525114363,0.9725554887
parkinsons,MCAR(0.2 MissForest),oracle,0,1.704957945,0,0,0,0.8238306255,0.8238306255,0.8057836949,1,0.9829059829,0,0,0,0.8316759117,4.18E-05,0,0,0,0.709725269,0.709725269,0.709725269,0,0,0,0.8621966794,0.8621966794,0.8621966794,0,0,0,0.8572741829,0.8572741829,0.859124119,0,0,0,0.8661263704,0.8661263704,0.792088712
parkinsons,MCAR(0.2 MissForest),CTGAN,4.438525675,4.401536981,0,0,0,0.8238306255,0.434870578,0.800955031,0,0.02564102564,0,0,0,0.60335674,9.111518462,0,0,0,0.709725269,0.3911096512,0.7295408336,0,0,0,0.8621966794,0.4763648368,0.7751616613,0,0,0,0.8572741829,0.4232724344,0.8512858167,0,0,0,0.8661263704,0.4487353894,0.8478318124
parkinsons,MCAR(0.2 MissForest),GaussianCopula,2.383414625,2.600417964,0,0,0,0.8238306255,0.5475248441,0.8177326064,0.06837606838,0.3623931624,0,0,0,8.62E-01,3.081832488,0,0,0,0.709725269,0.3490112988,0.7007754316,0,0,0,0.8621966794,0.6092355666,0.8280976669,0,0,0,0.8572741829,0.6212327947,0.8664260978,0,0,0,0.8661263704,0.6106197165,0.8756312293
parkinsons,MCAR(0.2 MissForest),TVAE,2.364467424,2.371996113,0,0,0,0.8238306255,0.5867292758,0.8209205542,0.1081196581,0.4547008547,0,0,0,0.4579853351,5.773637454,0,0,0,0.709725269,0.6544965021,0.748771698,0,0,0,0.8621966794,0.5811079598,0.8511438721,0,0,0,0.8572741829,0.5398328407,0.8090897552,0,0,0,0.8661263704,0.5714798007,0.8746768914
parkinsons,MCAR(0.2 MissForest),CopulaGAN,4.50497084,4.503917528,0,0,0,0.8238306255,0.4001677501,0.8032283966,0,0.001709401709,0,0,0,0.7726403939,13.61313868,0,0,0,0.709725269,0.2570124053,0.7280038025,0,0,0,0.8621966794,0.4946265802,0.7963724057,0,0,0,0.8572741829,0.3670866035,0.8421267846,0,0,0,0.8661263704,0.4819454113,0.8464105934
parkinsons,MCAR(0.2 MissForest),CTABGAN,1.984245293,2.101643129,0,0,0,0.8238306255,0.6616631646,0.8175017824,0.1606837607,0.6376068376,0,0,0,0.4697895452,3.990306854,0,0,0,0.709725269,0.632481484,0.725001411,0,0,0,0.8621966794,0.6379597213,0.8215439321,0,0,0,0.8572741829,0.7049516134,0.8541973394,0,0,0,0.8661263704,0.6712598397,0.8692644473
parkinsons,MCAR(0.2 MissForest),stasy,2.088824481,2.321051263,0,0,0,0.8238306255,0.6908920303,0.8184493974,0.3106837607,0.7726495726,0,0,0,0.424483657,119.3675393,0,0,0,0.709725269,0.6999370122,0.7415753965,0,0,0,0.8621966794,0.6793318205,0.8213489177,0,0,0,0.8572741829,0.6839584009,0.849775717,0,0,0,0.8661263704,0.7003408878,0.8610975585
parkinsons,MCAR(0.2 MissForest),TabDDPM,2.916560207,3.634980605,0,0,0,0.8238306255,0.7494242067,0.8260654679,0.852991453,0.9196581197,0,0,0,0.357764607,122.6484553,0,0,0,0.709725269,0.6696507228,0.7252048774,0,0,0,0.8621966794,0.7692316823,0.8489792792,0,0,0,0.8572741829,0.7698797426,0.8682699692,0,0,0,0.8661263704,0.7889346791,0.8618077456
climate_model_crashes,MCAR(0.2 MissForest),oracle,0,3.879358003,0,0,0,0.7608071444,0.7608071444,0.7820156783,1,0.950617284,0,0,0,0.8321472436,5.70E-05,0,0,0,0.8369939188,0.8369939188,0.8369939188,0,0,0,0.8195912949,0.8195912949,0.8195912949,0,0,0,0.5376682743,0.5376682743,0.6375934172,0,0,0,0.8489750894,0.8489750894,0.8338840824
climate_model_crashes,MCAR(0.2 MissForest),CTGAN,4.181815547,4.477982949,0,0,0,0.7608071444,0.3594002818,0.6734399434,0.4554012346,0.7518518519,0,0,0,4.69E-01,9.066945155,0,0,0,0.8369939188,0.3551110609,0.706323246,0,0,0,0.8195912949,0.3658610135,0.6016772723,0,0,0,0.5376682743,0.3418589517,0.6513001092,0,0,0,0.8489750894,0.374770101,0.7344591461
climate_model_crashes,MCAR(0.2 MissForest),GaussianCopula,3.510255948,3.856687827,0,0,0,0.7608071444,0.5720747712,0.6539135796,0.8029320988,0.9672839506,0,0,0,0.3472820427,1.084479014,0,0,0,0.8369939188,0.591262099,0.7143119728,0,0,0,0.8195912949,0.5832085948,0.6650384057,0,0,0,0.5376682743,0.5148418307,0.5302186396,0,0,0,0.8489750894,0.5989865603,0.7060853003
climate_model_crashes,MCAR(0.2 MissForest),TVAE,3.567202513,3.764196835,0,0,0,0.7608071444,0,0.7287419704,0.6609567901,0.8882716049,0,0,0,0.4743723811,7.717005491,0,0,0,0.8369939188,0,0.8431129657,0,0,0,0.8195912949,0,0.784945242,0,0,0,0.5376682743,0,0.4781257915,0,0,0,0.8489750894,0,0.8087838826
climate_model_crashes,MCAR(0.2 MissForest),CopulaGAN,4.722862121,5.057499195,0,0,0,0.7608071444,0.3025425951,0.5835555579,0.2154320988,0.4018518519,0,0,0,0.4852154976,10.00999872,0,0,0,0.8369939188,0.2933131498,0.5526916262,0,0,0,0.8195912949,0.3114273264,0.5761735338,0,0,0,0.5376682743,0.3027841238,0.5147569448,0,0,0,0.8489750894,0.3026457801,0.6906001268
climate_model_crashes,MCAR(0.2 MissForest),CTABGAN,3.5185893,3.821890152,0,0,0,0.7608071444,0.6598975724,0.738234668,0.7359567901,0.9141975309,0,0,0,0.4721203772,3.977194866,0,0,0,0.8369939188,0.692699967,0.8282654419,0,0,0,0.8195912949,0.6428025687,0.738887222,0,0,0,0.5376682743,0.627138484,0.5982991253,0,0,0,0.8489750894,0.67694927,0.7874868829
climate_model_crashes,MCAR(0.2 MissForest),stasy,3.552188727,3.93092166,0,0,0,0.7608071444,0.7862286169,0.8002083673,0.7924382716,0.9382716049,0,0,0,0.4384367024,158.858665,0,0,0,0.8369939188,0.8350594861,0.8563604277,0,0,0,0.8195912949,0.767995461,0.7909967466,0,0,0,0.5376682743,0.7591062997,0.7295699282,0,0,0,0.8489750894,0.7827532206,0.8239063665
climate_model_crashes,MCAR(0.2 MissForest),TabDDPM,2.35922208,3.707032534,0,0,0,0.7608071444,0.7891930407,0.8030315692,0.949537037,0.9555555556,0,0,0,0.4090547364,124.1137173,0,0,0,0.8369939188,0.8401822018,0.8671460595,0,0,0,0.8195912949,0.7844106885,0.8230602691,0,0,0,0.5376682743,0.7132715723,0.6720239098,0,0,0,0.8489750894,0.8189077004,0.8498960384
concrete_compression,MCAR(0.2 MissForest),oracle,0,0.4850938102,0.7890316565,0.7890316565,0.7879022133,0,0,0,0.9716828479,0.9611650485,4.14E-16,1,13.02237084,8.33E-01,5.02E-05,0.5759607897,0.5759607897,0.5759607897,0,0,0,0.7630503934,0.7630503934,0.7585071849,0,0,0,0.904734688,0.904734688,0.9047601789,0,0,0,0.9123807549,0.9123807549,0.9123806996,0,0,0
concrete_compression,MCAR(0.2 MissForest),CTGAN,1.166118574,1.248499034,0.7890316565,-0.3232610185,0.6373076727,0,0,0,0.02046925566,0.1754045307,133.4219059,0.1407407407,5.484080778,0.4726942223,7.84489433,0.5759607897,-0.2286888738,0.4120424712,0,0,0,0.7630503934,-0.1905953887,0.3890269396,0,0,0,0.904734688,-0.2495263966,0.8793000995,0,0,0,0.9123807549,-0.6242334149,0.8688611805,0,0,0
concrete_compression,MCAR(0.2 MissForest),GaussianCopula,0.9240948339,1.010386566,0.7890316565,0.6070826125,0.7732668442,0,0,0,0.03203883495,0.2935275081,191.8887863,0.1037037037,6.794028715,0.4884682681,0.8771150112,0.5759607897,0.4877180041,0.5546817139,0,0,0,0.7630503934,0.6619912749,0.7272363838,0,0,0,0.904734688,0.690923531,0.9014382838,0,0,0,0.9123807549,0.5876976401,0.9097109955,0,0,0
concrete_compression,MCAR(0.2 MissForest),TVAE,0.6916646174,0.7893016719,0.7890316565,0.4656971652,0.7409435372,0,0,0,0.1105987055,0.4809061489,201.6874669,0.1333333333,5.824911598,0.469191936,6.176059087,0.5759607897,0.4615285078,0.5422231728,0,0,0,0.7630503934,0.4853574496,0.6349753772,0,0,0,0.904734688,0.5443087501,0.8898059622,0,0,0,0.9123807549,0.3715939532,0.8967696366,0,0,0
concrete_compression,MCAR(0.2 MissForest),CopulaGAN,1.353726265,1.419372678,0.7890316565,-0.7941056668,0.6282341638,0,0,0,0.02338187702,0.1504854369,153.6829092,0.0962962963,5.541701595,0.4879509146,5.674440225,0.5759607897,-0.6890973865,0.3859288154,0,0,0,0.7630503934,-0.5988607956,0.3619206264,0,0,0,0.904734688,-0.751462802,0.8768996056,0,0,0,0.9123807549,-1.137001683,0.8881876077,0,0,0
concrete_compression,MCAR(0.2 MissForest),CTABGAN,0.9872180151,1.041220433,0.7890316565,0.06737513199,0.7254122307,0,0,0,0.01739482201,0.1818770227,301.4164526,0.1259259259,7.39821227,0.5025650448,3.609742641,0.5759607897,0.02247642354,0.5000535802,0,0,0,0.7630503934,0.1963530041,0.595416032,0,0,0,0.904734688,0.190426779,0.9023898713,0,0,0,0.9123807549,-0.1397556788,0.9037894393,0,0,0
concrete_compression,MCAR(0.2 MissForest),stasy,0.7499883572,0.8762390211,0.7890316565,0.6276657885,0.7751334774,0,0,0,0.1296925566,0.557605178,129.8251265,0.2666666667,10.49968564,0.4640702518,214.9132195,0.5759607897,0.3532262433,0.5576577007,0,0,0,0.7630503934,0.6929338267,0.735826476,0,0,0,0.904734688,0.7492860278,0.8951380698,0,0,0,0.9123807549,0.7152170564,0.9119116629,0,0,0
concrete_compression,MCAR(0.2 MissForest),TabDDPM,0.2769479718,0.5352304649,0.7890316565,0.7411965745,0.7796149001,0,0,0,0.7772653722,0.8783171521,83.65545514,0.437037037,11.60962837,3.98E-01,118.7331347,0.5759607897,0.5603128292,0.5725547004,0,0,0,0.7630503934,0.7426558924,0.7484722439,0,0,0,0.904734688,0.8352067261,0.8969484227,0,0,0,0.9123807549,0.8266108503,0.9004842336,0,0,0
yacht_hydrodynamics,MCAR(0.2 MissForest),oracle,0,0.4997463846,0.8956182635,0.8956182635,0.8954057115,0,0,0,1,0.9408602151,1.87E-15,1,70.42086517,0.8329483696,5.58E-05,0.5993811972,0.5993811972,0.5993811972,0,0,0,0.9897862716,0.9897862716,0.9888253992,0,0,0,0.9970182189,0.9970182189,0.9971295588,0,0,0,0.9962873662,0.9962873662,0.9962866907,0,0,0
yacht_hydrodynamics,MCAR(0.2 MissForest),CTGAN,1.052178433,1.096757451,0.8956182635,-0.2947565436,0.6798240905,0,0,0,0.01436314363,0.4333333333,134.9264514,0.419047619,55.31662391,0.4924406372,3.790253242,0.5993811972,-0.114930491,0.4255290851,0,0,0,0.9897862716,-0.3482431597,0.4185362852,0,0,0,0.9970182189,-0.2441518123,0.9355583221,0,0,0,0.9962873662,-0.4717007113,0.9396726698,0,0,0
yacht_hydrodynamics,MCAR(0.2 MissForest),GaussianCopula,1.153308465,1.283260585,0.8956182635,0.5162256865,0.8573148421,0,0,0,0.01138211382,0.2290322581,152.4414198,0.3428571429,41.3004911,0.7122654486,0.7961520354,0.5993811972,-0.2391786358,0.60035744,0,0,0,0.9897862716,0.7286013587,0.8577936631,0,0,0,0.9970182189,0.8389541912,0.9884873048,0,0,0,0.9962873662,0.7365258321,0.9826209604,0,0,0
yacht_hydrodynamics,MCAR(0.2 MissForest),TVAE,0.8215028541,0.8775995767,0.8956182635,0.1441191663,0.7918049331,0,0,0,0.08753387534,0.4913978495,196.0881018,0.6285714286,53.74957089,0.5122425885,2.517158985,0.5993811972,-0.02033620691,0.5479588322,0,0,0,0.9897862716,0.2402887783,0.7394327715,0,0,0,0.9970182189,0.2960612475,0.961475134,0,0,0,0.9962873662,0.06046284621,0.9183529946,0,0,0
yacht_hydrodynamics,MCAR(0.2 MissForest),CopulaGAN,1.15335303,1.241560546,0.8956182635,-0.292174474,0.7139616854,0,0,0,0.0027100271,0.2301075269,117.455342,0.3619047619,39.07188568,0.7120994694,4.597069184,0.5993811972,-0.3331294275,0.4274996741,0,0,0,0.9897862716,-0.2024857294,0.5035727576,0,0,0,0.9970182189,-0.1448254905,0.9743376091,0,0,0,0.9962873662,-0.4882572485,0.9504367006,0,0,0
yacht_hydrodynamics,MCAR(0.2 MissForest),CTABGAN,1.171771006,1.198258667,0.8956182635,-0.3923975268,0.7654802791,0,0,0,0.00352303523,0.135483871,246.6587658,0.4285714286,40.83439924,0.55747234,1.82495292,0.5993811972,-0.2609304523,0.4164999589,0,0,0,0.9897862716,-0.4763470926,0.7080839573,0,0,0,0.9970182189,-0.381936345,0.9630437962,0,0,0,0.9962873662,-0.4503762172,0.9742934041,0,0,0
yacht_hydrodynamics,MCAR(0.2 MissForest),stasy,0.7943570216,0.9649346534,0.8956182635,0.8554295784,0.8899930388,0,0,0,0.1140921409,0.5956989247,128.3168407,0.6857142857,46.94283593,4.72E-01,132.1115087,0.5993811972,0.5407805299,0.5852887669,0,0,0,0.9897862716,0.9633972337,0.9857935329,0,0,0,0.9970182189,0.9753928987,0.995098625,0,0,0,0.9962873662,0.9421476514,0.9937912304,0,0,0
yacht_hydrodynamics,MCAR(0.2 MissForest),TabDDPM,0.2738149309,0.5535726292,0.8956182635,0.8879595769,0.8937255053,0,0,0,0.818699187,0.911827957,109.1615639,0.8476190476,62.06808544,0.420421163,118.2696253,0.5993811972,0.583582026,0.5940511429,0,0,0,0.9897862716,0.9865066069,0.9878712836,0,0,0,0.9970182189,0.9920426702,0.9963549312,0,0,0,0.9962873662,0.9897070046,0.9966246634,0,0,0
airfoil_self_noise,MCAR(0.2 MissForest),oracle,0,0.2413096733,0.7624965712,0.7624965712,0.7624505825,0,0,0,1,0.9634551495,9.38E-16,1,12.58195734,0.8327368177,6.12E-05,0.5087932287,0.5087932287,0.5087932287,0,0,0,0.6605055143,0.6605055143,0.6554079213,0,0,0,0.9329225501,0.9329225501,0.9378362678,0,0,0,0.9477649919,0.9477649919,0.9477649124,0,0,0
airfoil_self_noise,MCAR(0.2 MissForest),CTGAN,0.6997673615,0.7330877322,0.7624965712,-1.039773631,0.5067802233,0,0,0,0.02878535774,0.2888150609,86.70962826,0.05555555556,14.48928967,0.4650156509,10.07975022,0.5087932287,-0.931809139,0.1186214934,0,0,0,0.6605055143,-0.7182492289,0.125343201,0,0,0,0.9329225501,-1.02682679,0.8884140312,0,0,0,0.9477649919,-1.482209368,0.8947421676,0,0,0
airfoil_self_noise,MCAR(0.2 MissForest),GaussianCopula,0.5368079773,0.5839336709,0.7624965712,0.2919874508,0.7046682203,0,0,0,0.04082085413,0.3253599114,43.21230063,0.1222222222,11.21204025,0.4977501157,2.469368617,0.5087932287,0.406161376,0.4804669172,0,0,0,0.6605055143,0.3168735018,0.5053601972,0,0,0,0.9329225501,0.3520812728,0.9174712897,0,0,0,0.9477649919,0.09283365257,0.9153744769,0,0,0
airfoil_self_noise,MCAR(0.2 MissForest),TVAE,0.3718327074,0.4271901497,0.7624965712,0.3486928154,0.7132469879,0,0,0,0.1372157515,0.580730897,21.10695206,0.4555555556,14.74712936,0.466301096,8.492555459,0.5087932287,0.4181786519,0.4936364207,0,0,0,0.6605055143,0.3980123713,0.5279965549,0,0,0,0.9329225501,0.3926434927,0.9174320805,0,0,0,0.9477649919,0.1859367458,0.9139228955,0,0,0
airfoil_self_noise,MCAR(0.2 MissForest),CopulaGAN,0.6826644582,0.7325692847,0.7624965712,-0.387517273,0.5712413307,0,0,0,0.02817526345,0.2737541528,79.68354143,0,16.42305826,0.4660255452,8.224047979,0.5087932287,-0.2160522,0.257597481,0,0,0,0.6605055143,-0.1614762952,0.2270758111,0,0,0,0.9329225501,-0.3662131071,0.9056584215,0,0,0,0.9477649919,-0.8063274897,0.894633609,0,0,0
airfoil_self_noise,MCAR(0.2 MissForest),CTABGAN,0.7265355995,0.7435412116,0.7624965712,0.07631940142,0.7068441886,0,0,0,0.007487520799,0.1413067553,45.33627821,0.08888888889,13.12519738,4.82E-01,3.662536065,0.5087932287,-0.2146876744,0.4193302334,0,0,0,0.6605055143,0.2803591014,0.5671276429,0,0,0,0.9329225501,0.2326117145,0.9108613521,0,0,0,0.9477649919,0.006994464193,0.9300575261,0,0,0
airfoil_self_noise,MCAR(0.2 MissForest),stasy,0.4816388122,0.566908114,0.7624965712,0.6171524022,0.7463285422,0,0,0,0.2006100943,0.6617940199,10.60710192,0.5666666667,12.6226278,0.4623537774,345.787713,0.5087932287,0.4680383165,0.5018424556,0,0,0,0.6605055143,0.5718577014,0.6185501015,0,0,0,0.9329225501,0.7271032785,0.929691269,0,0,0,0.9477649919,0.7016103125,0.9352303426,0,0,0
airfoil_self_noise,MCAR(0.2 MissForest),TabDDPM,0.1472742666,0.270230316,0.7624965712,0.6994589553,0.7521862176,0,0,0,0.8041042707,0.9065337763,6.112215098,0.8222222222,12.6442457,0.3952931866,120.8454545,0.5087932287,0.5035748838,0.507727178,0,0,0,0.6605055143,0.6096267309,0.6352847924,0,0,0,0.9329225501,0.8414272496,0.9285768418,0,0,0,0.9477649919,0.8432069571,0.9371560581,0,0,0
connectionist_bench_sonar,MCAR(0.2 MissForest),oracle,0,8.528049775,0,0,0,0.8203080724,0.8203080724,0.8046159136,1,0.9841269841,0,0,0,0.8310888591,7.16E-05,0,0,0,0.7193842323,0.7193842323,0.719782414,0,0,0,0.8401233699,0.8401233699,0.8401233699,0,0,0,0.8329529656,0.8329529656,0.8503406872,0,0,0,0.8887717218,0.8887717218,0.8082171833
connectionist_bench_sonar,MCAR(0.2 MissForest),CTGAN,12.82442363,13.4909012,0,0,0,0.8203080724,0.4115421008,0.7917312035,0.001606425703,0.03174603175,0,0,0,0.568397601,19.12491194,0,0,0,0.7193842323,0.4020890752,0.7017010161,0,0,0,0.8401233699,0.4184353783,0.7846502312,0,0,0,0.8329529656,0.3865481872,0.8365674058,0,0,0,0.8887717218,0.4390957625,0.8440061609
connectionist_bench_sonar,MCAR(0.2 MissForest),GaussianCopula,9.013548196,10.00924337,0,0,0,0.8203080724,0.6433003945,0.785299217,0.2277108434,0.7698412698,0,0,0,0.8509655038,4.039565245,0,0,0,0.7193842323,0.6243477505,0.7093781751,0,0,0,0.8401233699,0.6316293087,0.7832695474,0,0,0,0.8329529656,0.6669551792,0.8267612051,0,0,0,0.8887717218,0.6502693396,0.8217879405
connectionist_bench_sonar,MCAR(0.2 MissForest),TVAE,8.356159685,9.425361354,0,0,0,0.8203080724,0.7199396765,0.7982468589,0.3534136546,0.8222222222,0,0,0,0.4508575726,14.2898581,0,0,0,0.7193842323,0.7311737586,0.7285823001,0,0,0,0.8401233699,0.7210840922,0.8037189733,0,0,0,0.8329529656,0.7178455752,0.8122896217,0,0,0,0.8887717218,0.70965528,0.8483965406
connectionist_bench_sonar,MCAR(0.2 MissForest),CopulaGAN,14.70512127,15.07676433,0,0,0,0.8203080724,0.4289268418,0.7836221427,0,0.007936507937,0.00E+00,0,0,8.99E-01,23.48037012,0,0,0,0.7193842323,0.4119421857,0.698030655,0,0,0,0.8401233699,0.4532880112,0.7618022641,0,0,0,0.8329529656,0.4066724559,0.8368612637,0,0,0,0.8887717218,0.4438047146,0.8377943879
connectionist_bench_sonar,MCAR(0.2 MissForest),CTABGAN,8.320931413,9.288663176,0,0,0,0.8203080724,0.5435866581,0.7891485776,0.4044176707,0.8587301587,0,0,0,0.514879414,4.93268458,0,0,0,0.7193842323,0.5313179806,0.7244787483,0,0,0,0.8401233699,0.5348940688,0.7688567204,0,0,0,0.8329529656,0.5518324983,0.8383154894,0,0,0,0.8887717218,0.5563020849,0.8249433521
connectionist_bench_sonar,MCAR(0.2 MissForest),stasy,15.16301897,16.05533038,0,0,0,0.8203080724,0.5698890798,0.7887993384,0.008032128514,0.1142857143,0,0,0,0.4838871922,121.2617739,0,0,0,0.7193842323,0.5874844332,0.7229346252,0,0,0,0.8401233699,0.5746552192,0.7984934192,0,0,0,0.8329529656,0.534758929,0.8109187853,0,0,0,0.8887717218,0.5826577378,0.8228505239
connectionist_bench_sonar,MCAR(0.2 MissForest),TabDDPM,25.45647878,25.88589003,0,0,0,0.8203080724,0.4397910151,0.8064142001,0.00281124498,0.01428571429,0,0,0,0.6350909924,123.0483065,0,0,0,0.7193842323,0.5562630865,0.7463886534,0,0,0,0.8401233699,0.3608168527,0.8251968646,0,0,0,0.8329529656,0.436653428,0.8175558214,0,0,0,0.8887717218,0.4054306934,0.8365154609
ionosphere,MCAR(0.2 MissForest),oracle,0,4.417807475,0,0,0,0.9129495335,0.9129495335,0.9144347841,1,0.9530516432,0,0,0,0.8313317113,5.83E-05,0,0,0,0.8506690212,0.8506690212,0.8506690212,0,0,0,0.9387153881,0.9387153881,0.9387153881,0,0,0,0.9399530096,0.9399530096,0.9458940122,0,0,0,0.922460715,0.922460715,0.922460715
ionosphere,MCAR(0.2 MissForest),CTGAN,7.888407257,8.041448078,0,0,0,0.9129495335,0.4072376988,0.900853451,0.04047619048,0.08169014085,0,0,0,0.4913166099,12.48290928,0,0,0,0.8506690212,0.3401821369,0.8600806448,0,0,0,0.9387153881,0.4433732893,0.8938871238,0,0,0,0.9399530096,0.4235636667,0.9285813288,0,0,0,0.922460715,0.4218317023,0.9208647065
ionosphere,MCAR(0.2 MissForest),GaussianCopula,6.775018357,7.172392992,0,0,0,0.9129495335,0.6836264133,0.9024476836,0.06857142857,0.1051643192,0,0,0,0.8596175832,5.057454348,0,0,0,0.8506690212,0.7054543805,0.8430595126,0,0,0,0.9387153881,0.632585438,0.9128523102,0,0,0,0.9399530096,0.6968510357,0.9362505863,0,0,0,0.922460715,0.6996147993,0.9176283253
ionosphere,MCAR(0.2 MissForest),TVAE,4.707412287,4.978861454,0,0,0,0.9129495335,0.8178830189,0.9047497678,0.1554761905,0.3549295775,0.00E+00,0,0,4.44E-01,10.46166945,0,0,0,0.8506690212,0.7697727488,0.8522322746,0,0,0,0.9387153881,0.8136876146,0.9167003885,0,0,0,0.9399530096,0.8567662994,0.9331094323,0,0,0,0.922460715,0.8313054127,0.9169569758
ionosphere,MCAR(0.2 MissForest),CopulaGAN,8.796827701,8.917454276,0,0,0,0.9129495335,0.4821021967,0.8975904778,0.03285714286,0.05539906103,0,0,0,0.8735950661,18.56053154,0,0,0,0.8506690212,0.4663927842,0.857204261,0,0,0,0.9387153881,0.4743401294,0.8869237106,0,0,0,0.9399530096,0.4869800009,0.9342382923,0,0,0,0.922460715,0.5006958722,0.9119956473
ionosphere,MCAR(0.2 MissForest),CTABGAN,5.531931237,5.717036653,0,0,0,0.9129495335,0.6251784921,0.9054341354,0.07095238095,0.2112676056,0,0,0,0.4857766219,4.316360633,0,0,0,0.8506690212,0.6444439728,0.831157113,0,0,0,0.9387153881,0.5552125434,0.9290371528,0,0,0,0.9399530096,0.6708010796,0.9408465615,0,0,0,0.922460715,0.6302563727,0.9206957144
ionosphere,MCAR(0.2 MissForest),stasy,5.611226362,6.131984086,0,0,0,0.9129495335,0.8488389093,0.9121812284,0.2083333333,0.379342723,0,0,0,0.4453320776,137.9681,0,0,0,0.8506690212,0.8335544627,0.8619577801,0,0,0,0.9387153881,0.8206278747,0.9136363828,0,0,0,0.9399530096,0.8861803082,0.9431631864,0,0,0,0.922460715,0.8549929916,0.9299675643
ionosphere,MCAR(0.2 MissForest),TabDDPM,8.176527249,8.702964029,0,0,0,0.9129495335,0.8192542003,0.8857964371,0.6485714286,0.834741784,0,0,0,0.3939374927,217.3884869,0,0,0,0.8506690212,0.7730152377,0.8338685053,0,0,0,0.9387153881,0.8094299027,0.8817652533,0,0,0,0.9399530096,0.8605074674,0.9296447717,0,0,0,0.922460715,0.8340641933,0.897907218
qsar_biodegradation,MCAR(0.2 MissForest),oracle,0,1.37611821,0,0,0,0.8512666078,0.8512666078,0.8491600359,1,0.9605055292,0,0,0,0.8335573762,0.0001141230265,0,0,0,0.8555204561,0.8555204561,0.852312713,0,0,0,0.8302144943,0.8302144943,0.8302144943,0,0,0,0.8621689851,0.8621689851,0.8568064249,0,0,0,0.8571624959,0.8571624959,0.8573065113
qsar_biodegradation,MCAR(0.2 MissForest),CTGAN,3.595434652,3.679037307,0,0,0,0.8512666078,0.4713910847,0.8454055772,0.001184834123,0.02369668246,0,0,0,0.5864536895,18.15762202,0,0,0,0.8555204561,0.4499351641,0.8187838811,0,0,0,0.8302144943,0.4997061545,0.8426514216,0,0,0,0.8621689851,0.4365322027,0.8615351582,0,0,0,0.8571624959,0.4993908174,0.8586518481
qsar_biodegradation,MCAR(0.2 MissForest),GaussianCopula,4.271331,4.442712606,0,0,0,0.8512666078,0.5741048256,0.8426585175,0.00102685624,0.004423380727,0.00E+00,0,0,8.75E-01,7.001374722,0,0,0,0.8555204561,0.3996000381,0.8298762491,0,0,0,0.8302144943,0.5980531323,0.8274786982,0,0,0,0.8621689851,0.652126301,0.8618061823,0,0,0,0.8571624959,0.6466398312,0.8514729404
qsar_biodegradation,MCAR(0.2 MissForest),TVAE,1.811152575,1.941968746,0,0,0,0.8512666078,0.7765147522,0.8404368021,0.1142969984,0.5150078989,0,0,0,0.510596591,18.64900668,0,0,0,0.8555204561,0.7683366322,0.8347463752,0,0,0,0.8302144943,0.7869073305,0.8222979599,0,0,0,0.8621689851,0.7581825446,0.852781872,0,0,0,0.8571624959,0.7926325014,0.8519210013
qsar_biodegradation,MCAR(0.2 MissForest),CopulaGAN,4.184446549,4.268498865,0,0,0,0.8512666078,0.4184434996,0.8409848615,0.0003159557662,0.009794628752,0,0,0,0.9239596122,23.88537304,0,0,0,0.8555204561,0.3902460307,0.8203074174,0,0,0,0.8302144943,0.4372575443,0.833530757,0,0,0,0.8621689851,0.414977096,0.8574012033,0,0,0,0.8571624959,0.4312933274,0.8527000682
qsar_biodegradation,MCAR(0.2 MissForest),CTABGAN,3.319360799,3.380744838,0,0,0,0.8512666078,0.4503352325,0.840166218,0.002211690363,0.01990521327,0,0,0,0.7407456733,9.238607089,0,0,0,0.8555204561,0.4182162229,0.8380204933,0,0,0,0.8302144943,0.4224581898,0.8152551994,0,0,0,0.8621689851,0.4801570561,0.8593479619,0,0,0,0.8571624959,0.4805094611,0.8480412173
qsar_biodegradation,MCAR(0.2 MissForest),stasy,4.584016657,4.783576737,0,0,0,0.8512666078,0.7140371672,0.8297250217,0.004818325434,0.06982622433,0,0,0,0.4919766318,211.2726859,0,0,0,0.8555204561,0.7188705147,0.7927907054,0,0,0,0.8302144943,0.7046754258,0.8238579544,0,0,0,0.8621689851,0.7297698357,0.854008591,0,0,0,0.8571624959,0.7028328926,0.8482428361
qsar_biodegradation,MCAR(0.2 MissForest),TabDDPM,17.43624105,17.40155035,0,0,0,0.8512666078,0.3752930957,0.8408450416,0.0003159557662,0.001263823065,0,0,0,0.8415579749,238.5304278,0,0,0,0.8555204561,0.3425045425,0.8189286441,0,0,0,0.8302144943,0.3908197088,0.8300554639,0,0,0,0.8621689851,0.3931879939,0.8602503882,0,0,0,0.8571624959,0.3746601379,0.8541456701
seeds,MCAR(0.2 MissForest),oracle,0,0.4597781875,0,0,0,0.8711821463,0.8711821463,0.8744302201,1,0.9761904762,0,0,0,0.8322919972,3.42E-05,0,0,0,0.936659665,0.936659665,0.936659665,0,0,0,0.6485722286,0.6485722286,0.6485722286,0,0,0,0.9634046442,0.9634046442,0.9681563505,0,0,0,0.9360920476,0.9360920476,0.9443326363
seeds,MCAR(0.2 MissForest),CTGAN,1.647801293,1.714435925,0,0,0,0.8711821463,0.4512388579,0.9208357735,0.02420634921,0.1158730159,0,0,0,4.57E-01,5.303838015,0,0,0,0.936659665,0.4481648665,0.9105374438,0,0,0,0.6485722286,0.4557058282,0.8950784918,0,0,0,0.9634046442,0.4466983197,0.9400949027,0,0,0,0.9360920476,0.4543864173,0.9376322556
seeds,MCAR(0.2 MissForest),GaussianCopula,0.8969088901,1.015258993,0,0,0,0.8711821463,0.6298014601,0.9155685165,0.2392857143,0.6301587302,0,0,0,0.3940966227,0.5761545499,0,0,0,0.936659665,0.7471821729,0.9382486944,0,0,0,0.6485722286,0.538254503,0.8689240378,0,0,0,0.9634046442,0.63738927,0.9351994979,0,0,0,0.9360920476,0.5963798947,0.919901836
seeds,MCAR(0.2 MissForest),TVAE,0.8712800361,0.9564474316,0,0,0,0.8711821463,0.9027529153,0.9221400479,0.1746031746,0.6174603175,0,0,0,0.398630779,2.56213061,0,0,0,0.936659665,0.9473731248,0.9585120626,0,0,0,0.6485722286,0.8337258246,0.8256680934,0,0,0,0.9634046442,0.9198597914,0.9538976698,0,0,0,0.9360920476,0.9100529205,0.9504823657
seeds,MCAR(0.2 MissForest),CopulaGAN,1.801555224,1.853416249,0,0,0,0.8711821463,0.4566814285,0.9142686088,0.009126984127,0.08253968254,0,0,0,0.465133587,5.756845395,0,0,0,0.936659665,0.521995243,0.938541479,0,0,0,0.6485722286,0.3712057549,0.851041645,0,0,0,0.9634046442,0.4871676844,0.9382524207,0,0,0,0.9360920476,0.4463570318,0.9292388905
seeds,MCAR(0.2 MissForest),CTABGAN,1.185672673,1.235310592,0,0,0,0.8711821463,0.492402626,0.8999853598,0.1380952381,0.4301587302,0,0,0,0.4514032795,2.637291511,0,0,0,0.936659665,0.4750434672,0.947129568,0,0,0,0.6485722286,0.467400111,0.7772592269,0,0,0,0.9634046442,0.5424107916,0.9426403654,0,0,0,0.9360920476,0.4847561342,0.9329122787
seeds,MCAR(0.2 MissForest),stasy,0.713918307,0.7994297308,0,0,0,0.8711821463,0.9061149031,0.9093326515,0.7123015873,0.9476190476,0,0,0,0.3691513251,114.9959397,0,0,0,0.936659665,0.9505454201,0.96499673,0,0,0,0.6485722286,0.8163219918,0.7613319035,0,0,0,0.9634046442,0.9314404455,0.9571134346,0,0,0,0.9360920476,0.926151755,0.953888538
seeds,MCAR(0.2 MissForest),TabDDPM,0.3017036741,0.5109068284,0,0,0,0.8711821463,0.8716014298,0.8580093305,0.9194444444,0.9666666667,0,0,0,0.3196932499,117.2782191,0,0,0,0.936659665,0.9114307349,0.9412834194,0,0,0,0.6485722286,0.7182185108,0.5840453821,0,0,0,0.9634046442,0.930259144,0.9608837367,0,0,0,0.9360920476,0.9264973295,0.945824784
glass,MCAR(0.2 MissForest),oracle,0,0.6305955746,0,0,0,0.6205299257,0.6205299257,0.6309882546,1,0.9612403101,0,0,0,8.31E-01,4.28E-05,0,0,0,0.5611093415,0.5611093415,0.5574651607,0,0,0,0.4344818638,0.4344818638,0.4344818638,0,0,0,0.7354191386,0.7354191386,0.7635877724,0,0,0,0.7511093587,0.7511093587,0.7684182215
glass,MCAR(0.2 MissForest),CTGAN,1.52179317,1.574473712,0,0,0,0.6205299257,0.1381693817,0.5216358435,0.0873294347,0.2527131783,0,0,0,0.4710417402,5.719580412,0,0,0,0.5611093415,0.1433924643,0.3672460519,0,0,0,0.4344818638,0.1541812153,0.3651358972,0,0,0,0.7354191386,0.1283779351,0.6981232673,0,0,0,0.7511093587,0.126725912,0.6560381576
glass,MCAR(0.2 MissForest),GaussianCopula,1.561747717,1.664541176,0,0,0,0.6205299257,0.1724907878,0.527705112,0.07641325536,0.2186046512,0,0,0,0.734066053,1.241467158,0,0,0,0.5611093415,0.1959153821,0.4179032126,0,0,0,0.4344818638,0.1406184706,0.263958135,0,0,0,0.7354191386,0.1812670223,0.7279545494,0,0,0,0.7511093587,0.1721622759,0.7010045508
glass,MCAR(0.2 MissForest),TVAE,0.8835395845,0.9978750149,0,0,0,0.6205299257,0,0.5152021639,0.2740740741,0.6124031008,0,0,0,0.4541134803,3.75782458,0,0,0,0.5611093415,0,0.5015999394,0,0,0,0.4344818638,0,0.3048876168,0,0,0,0.7354191386,0,0.5891625902,0,0,0,0.7511093587,0,0.6651585092
glass,MCAR(0.2 MissForest),CopulaGAN,1.830858802,1.916015914,0,0,0,0.6205299257,0.1182969531,0.5025058738,0.0522417154,0.1581395349,0,0,0,0.7379182369,7.446276824,0,0,0,0.5611093415,0.1248273471,0.3524855471,0,0,0,0.4344818638,0.1158254754,0.2912860097,0,0,0,0.7354191386,0.1235466609,0.7074911081,0,0,0,0.7511093587,0.1089883289,0.6587608303
glass,MCAR(0.2 MissForest),CTABGAN,1.125514686,1.214207133,0,0,0,0.6205299257,0.1320752276,0.5319643062,0.09590643275,0.2945736434,0,0,0,0.6066471432,3.412064155,0,0,0,0.5611093415,0.1523946302,0.5009912827,0,0,0,0.4344818638,0.1043054401,0.2704998387,0,0,0,0.7354191386,0.1225918052,0.6762890558,0,0,0,0.7511093587,0.149009035,0.6800770476
glass,MCAR(0.2 MissForest),stasy,0.8088770616,0.9655010547,0,0,0,0.6205299257,0.4453917602,0.5954778419,0.3684210526,0.6899224806,0,0,0,0.4327874701,116.6421407,0,0,0,0.5611093415,0.5097932164,0.5910532602,0,0,0,0.4344818638,0.2998288828,0.3367913085,0,0,0,0.7354191386,0.4836611596,0.720789233,0,0,0,0.7511093587,0.4882837821,0.7332775658
glass,MCAR(0.2 MissForest),TabDDPM,0.3675211969,0.6896343289,0,0,0,0.6205299257,0.5591814091,0.6397457269,0.8830409357,0.9286821705,0,0,0,3.49E-01,117.8912371,0,0,0,0.5611093415,0.5664501004,0.5831949759,0,0,0,0.4344818638,0.3031698166,0.4001411848,0,0,0,0.7354191386,0.7216305158,0.8042263702,0,0,0,0.7511093587,0.6454752037,0.7714203767
yeast,MCAR(0.2 MissForest),oracle,0,0.3176505118,0,0,0,0.5159895897,0.5159895897,0.5167751468,1,0.9528619529,0,0,0,0.8319658879,6.25E-05,0,0,0,0.5386445957,0.5386445957,0.5432829367,0,0,0,0.4064941104,0.4064941104,0.4044013084,0,0,0,0.5586396039,0.5586396039,0.558894441,0,0,0,0.5601800486,0.5601800486,0.560521901
yeast,MCAR(0.2 MissForest),CTGAN,0.9910573081,1.030309336,0,0,0,0.5159895897,0.07209730022,0.3997420427,0.1902274642,0.4159371493,0,0,0,0.478437571,13.56852969,0,0,0,0.5386445957,0.08362681985,0.3449945473,0,0,0,0.4064941104,0.04663690999,0.2046534262,0,0,0,0.5586396039,0.07689910985,0.5267566636,0,0,0,0.5601800486,0.0812263612,0.5225635336
yeast,MCAR(0.2 MissForest),GaussianCopula,1.068785296,1.12226028,0,0,0,0.5159895897,0.1050736371,0.4250162798,0.1725919685,0.3829405163,0,0,0,0.8174405582,1.471826474,0,0,0,0.5386445957,0.1143369189,0.4685066816,0,0,0,0.4064941104,0.09363729707,0.1584610145,0,0,0,0.5586396039,0.1032972353,0.5272906212,0,0,0,0.5601800486,0.1090230971,0.5458068018
yeast,MCAR(0.2 MissForest),TVAE,0.4350512877,0.4657757508,0,0,0,0.5159895897,0,0.4671664792,0.5031171019,0.767003367,0,0,0,0.4804430333,10.23701413,0,0,0,0.5386445957,0,0.5076973158,0,0,0,0.4064941104,0,0.3296796824,0,0,0,0.5586396039,0,0.4928815893,0,0,0,0.5601800486,0,0.5384073294
yeast,MCAR(0.2 MissForest),CopulaGAN,1.161668551,1.187926194,0,0,0,0.5159895897,0.0542320828,0.4131819591,0.08935692221,0.2224466891,0,0,0,0.7836291476,12.70907728,0,0,0,0.5386445957,0.06280625682,0.400052612,0,0,0,0.4064941104,0.04056318841,0.1701553023,0,0,0,0.5586396039,0.05540725555,0.5423988464,0,0,0,0.5601800486,0.0581516304,0.5401210759
yeast,MCAR(0.2 MissForest),CTABGAN,0.4804055952,0.5199997345,0,0,0,0.5159895897,0.2136927153,0.4825224076,0.1709632126,0.4415263749,0,0,0,0.7175851109,7.424565236,0,0,0,0.5386445957,0.229065537,0.5309360631,0,0,0,0.4064941104,0.1193352664,0.2792697754,0,0,0,0.5586396039,0.2716111362,0.5632321681,0,0,0,0.5601800486,0.2347589215,0.5566516239
yeast,MCAR(0.2 MissForest),stasy,0.4828163221,0.5390790765,0,0,0,0.5159895897,0.303893751,0.4850026561,0.4967705701,0.8255892256,0,0,0,4.61E-01,329.4208926,0,0,0,0.5386445957,0.3633696045,0.5355255252,0,0,0,0.4064941104,0.1947342731,0.3290975211,0,0,0,0.5586396039,0.3279736554,0.5263520369,0,0,0,0.5601800486,0.3294974708,0.5490355411
yeast,MCAR(0.2 MissForest),TabDDPM,0.213019329,0.3433677357,0,0,0,0.5159895897,0.4028085213,0.4895308544,0.8418983432,0.9034792368,0,0,0,0.4009856692,121.1863029,0,0,0,0.5386445957,0.4580731817,0.5230582033,0,0,0,0.4064941104,0.2400824997,0.3484060846,0,0,0,0.5586396039,0.4357352116,0.5399696136,0,0,0,0.5601800486,0.477343192,0.5466895161
libras,MCAR(0.2 MissForest),oracle,0,8.906211955,0,0,0,0.588410903,0.588410903,0.5910500478,1,0.9722222222,0,0,0,0.8324882288,8.58E-05,0,0,0,0.7145750546,0.7145750546,0.7065427165,0,0,0,0.07820754173,0.07820754173,0.07820754173,0,0,0,0.8112754159,0.8112754159,0.8231086198,0,0,0,0.7495855996,0.7495855996,0.756341313
libras,MCAR(0.2 MissForest),CTGAN,23.28496541,23.56989457,0,0,0,0.588410903,0.035009026,0.6146806389,0,0,0,0,0,0.6890284086,28.66272346,0,0,0,0.7145750546,0.04335179985,0.7247101787,0,0,0,0.07820754173,0.01696020378,0.1401766816,0,0,0,0.8112754159,0.02965378085,0.8073405113,0,0,0,0.7495855996,0.05007031952,0.7864951838
libras,MCAR(0.2 MissForest),GaussianCopula,11.71372844,12.70376608,0,0,0,0.588410903,0.07092329398,0.5777019892,0.1886574074,0.6722222222,0,0,0,0.4025238852,4.545884848,0,0,0,0.7145750546,0.09311404007,0.5538909057,0,0,0,0.07820754173,0.04477667578,0.2128728375,0,0,0,0.8112754159,0.06887710602,0.8006460749,0,0,0,0.7495855996,0.07692535405,0.7433981385
libras,MCAR(0.2 MissForest),TVAE,13.11889195,14.10746167,0,0,0,0.588410903,0.2705504355,0.5910227118,0.03587962963,0.4009259259,0,0,0,0.4590477666,22.86373901,0,0,0,0.7145750546,0.4326162665,0.7407400254,0,0,0,0.07820754173,0.05057279901,0.06801298907,0,0,0,0.8112754159,0.2824239855,0.7854893107,0,0,0,0.7495855996,0.3165886908,0.7698485218
libras,MCAR(0.2 MissForest),CopulaGAN,24.30712029,24.57015645,0,0,0,0.588410903,0.0316844406,0.612334587,0,0,0,0,0,0.7204823926,32.85069942,0,0,0,0.7145750546,0.03655332598,0.7232607639,0,0,0,0.07820754173,0.02572705099,0.1335915515,0,0,0,0.8112754159,0.02242534059,0.810034706,0,0,0,0.7495855996,0.04203204486,0.7824513265
libras,MCAR(0.2 MissForest),CTABGAN,19.749459,20.2301479,0,0,0,0.588410903,0.03175224486,0.6073717538,0.003240740741,0.025,0,0,0,8.33E-01,6.988947471,0,0,0,0.7145750546,0.03421277354,0.6868177066,0,0,0,0.07820754173,0.01995242971,0.1612635047,0,0,0,0.8112754159,0.034606049,0.8043774497,0,0,0,0.7495855996,0.0382377272,0.7770283544
libras,MCAR(0.2 MissForest),stasy,31.36493306,32.02080885,0,0,0,0.588410903,0.05471608446,0.6227195205,0.0002314814815,0,0,0,0,0.6638370482,134.5610257,0,0,0,0.7145750546,0.0908682439,0.7155299515,0,0,0,0.07820754173,0.02880744785,0.1877587915,0,0,0,0.8112754159,0.03854949358,0.815888546,0,0,0,0.7495855996,0.06063915251,0.771700793
libras,MCAR(0.2 MissForest),TabDDPM,37.29881166,38.06499769,0,0,0,0.588410903,0.03349971064,0.6340190716,0,0,0,0,0,0.8642894458,119.124985,0,0,0,0.7145750546,0.02660013689,0.699986606,0,0,0,0.07820754173,0.04008815779,0.2683006644,0,0,0,0.8112754159,0.04951492451,0.8126234161,0,0,0,0.7495855996,0.01779562339,0.7551655998
planning_relax,MCAR(0.2 MissForest),oracle,0,1.444708645,0,0,0,0.4314188016,0.4314188016,0.4359068347,1,1,0,0,0,0.8337188052,4.56E-05,0,0,0,0.3994260604,0.3994260604,0.3994260604,0,0,0,0.3970594979,0.3970594979,0.4018482647,0,0,0,0.448442713,0.448442713,0.4487585438,0,0,0,0.4807469349,0.4807469349,0.49359447
planning_relax,MCAR(0.2 MissForest),CTGAN,2.381833203,2.523847461,0,0,0,0.4314188016,0.4483065513,0.4650755419,0.05793103448,0.4,0,0,0,0.468893773,6.788304647,0,0,0,0.3994260604,0.4233373738,0.4580653878,0,0,0,0.3970594979,0.4582700088,0.461749069,0,0,0,0.448442713,0.4370595602,0.4642740869,0,0,0,0.4807469349,0.4745592624,0.476213624
planning_relax,MCAR(0.2 MissForest),GaussianCopula,2.291551087,2.512681234,0,0,0,0.4314188016,0.4700010158,0.4717190061,0.02850574713,0.1693693694,0,0,0,0.9832756632,1.756819169,0,0,0,0.3994260604,0.4640846728,0.4249314541,0,0,0,0.3970594979,0.4457580684,0.4923281781,0,0,0,0.448442713,0.4861985136,0.4606088415,0,0,0,0.4807469349,0.4839628085,0.5090075508
planning_relax,MCAR(0.2 MissForest),TVAE,1.541246045,1.766353202,0,0,0,0.4314188016,0,0.4475125331,0.451954023,0.7405405405,0,0,0,0.4318326382,4.935130358,0,0,0,0.3994260604,0,0.4114353985,0,0,0,0.3970594979,0,0.4761705212,0,0,0,0.448442713,0,0.4369482051,0,0,0,0.4807469349,0,0.4654960075
planning_relax,MCAR(0.2 MissForest),CopulaGAN,3.139215874,3.31187194,0,0,0,0.4314188016,0.4132566804,0.4464212769,0.008275862069,0.03243243243,0,0,0,0.9831582994,8.86904486,0,0,0,0.3994260604,0.4469812196,0.4240655402,0,0,0,0.3970594979,0.398657576,0.4701773855,0,0,0,0.448442713,0.3983170556,0.4418964464,0,0,0,0.4807469349,0.4090708705,0.4495457355
planning_relax,MCAR(0.2 MissForest),CTABGAN,1.389595919,1.605745579,0,0,0,0.4314188016,0.4651039511,0.472393529,0.6275862069,0.9567567568,0,0,0,0.419614436,2.77877148,0,0,0,0.3994260604,0.4617814785,0.4134017631,0,0,0,0.3970594979,0.4550702287,0.5095230432,0,0,0,0.448442713,0.4742710488,0.4748337785,0,0,0,0.4807469349,0.4692930486,0.4918155313
planning_relax,MCAR(0.2 MissForest),stasy,1.389804474,1.729686175,0,0,0,0.4314188016,0.4862503219,0.4801850548,0.76,0.9621621622,0,0,0,0.3780359064,111.8524547,0,0,0,0.3994260604,0.51023626,0.4261776005,0,0,0,0.3970594979,0.4841146527,0.5127881327,0,0,0,0.448442713,0.4601261466,0.4700781258,0,0,0,0.4807469349,0.4905242283,0.5116963602
planning_relax,MCAR(0.2 MissForest),TabDDPM,0.754922419,1.541189482,0,0,0,0.4314188016,0.48311352,0.4639143577,0.9287356322,0.9855855856,0,0,0,0.3326817962,117.0258385,0,0,0,0.3994260604,0.4875517548,0.4279099467,0,0,0,0.3970594979,0.4819979958,0.4780464959,0,0,0,0.448442713,0.464015254,0.4693289349,0,0,0,0.4807469349,0.4988890753,0.4803720533
blood_transfusion,MCAR(0.2 MissForest),oracle,0,0.1085047644,0,0,0,0.5975314873,0.5975314873,0.5982641173,0.8333333333,0.9555555556,0,0,0,8.33E-01,3.94E-05,0,0,0,0.5587315331,0.5587315331,0.5587315331,0,0,0,0.6518887858,0.6518887858,0.6518887858,0,0,0,0.590736905,0.590736905,0.5807340258,0,0,0,0.5887687251,0.5887687251,0.6017021246
blood_transfusion,MCAR(0.2 MissForest),CTGAN,0.650619259,0.6688655466,0,0,0,0.5975314873,0.2887255554,0.6127450183,0.4752508361,0.7337777778,0,0,0,0.4671662652,8.053313732,0,0,0,0.5587315331,0.2076377023,0.6248311752,0,0,0,0.6518887858,0.2853750345,0.60271045,0,0,0,0.590736905,0.3109074877,0.6034581321,0,0,0,0.5887687251,0.350981997,0.6199803161
blood_transfusion,MCAR(0.2 MissForest),GaussianCopula,0.2487223475,0.2496731357,0,0,0,0.5975314873,0.5310013088,0.5749252278,0.7297658863,0.8808888889,0,0,0,0.4713379527,0.5367500782,0,0,0,0.5587315331,0.531204556,0.5350180296,0,0,0,0.6518887858,0.5280687547,0.5632186085,0,0,0,0.590736905,0.5202856523,0.5903588926,0,0,0,0.5887687251,0.5444462722,0.6111053805
blood_transfusion,MCAR(0.2 MissForest),TVAE,0.3526581197,0.3599851682,0,0,0,0.5975314873,0.4929492543,0.5900281643,0.6342251951,0.8231111111,0,0,0,0.4718418968,3.67171518,0,0,0,0.5587315331,0.5214197347,0.5449478655,0,0,0,0.6518887858,0.5079850234,0.6234549782,0,0,0,0.590736905,0.468070541,0.5919363452,0,0,0,0.5887687251,0.4743217181,0.5997734681
blood_transfusion,MCAR(0.2 MissForest),CopulaGAN,0.7135766848,0.7123523287,0,0,0,0.5975314873,0.3923442683,0.6249468119,0.4686733556,0.7324444444,0,0,0,0.469113755,5.029316187,0,0,0,0.5587315331,0.321118639,0.6538494601,0,0,0,0.6518887858,0.3795931801,0.6338660772,0,0,0,0.590736905,0.4253329548,0.5944741757,0,0,0,0.5887687251,0.4433322994,0.6175975345
blood_transfusion,MCAR(0.2 MissForest),CTABGAN,0.2729787932,0.2884699508,0,0,0,0.5975314873,0.4927571564,0.5499322206,0.6633221851,0.8462222222,0,0,0,0.4590561321,4.106514057,0,0,0,0.5587315331,0.4774799449,0.4999799197,0,0,0,0.6518887858,0.480735521,0.5179447183,0,0,0,0.590736905,0.5078472017,0.5921715318,0,0,0,0.5887687251,0.504965958,0.5896327127
blood_transfusion,MCAR(0.2 MissForest),stasy,0.3517808201,0.3863220307,0,0,0,0.5975314873,0.5623725812,0.6046494639,0.7880713489,0.9391111111,0,0,0,0.438413997,172.0977646,0,0,0,0.5587315331,0.5653489997,0.5774509794,0,0,0,0.6518887858,0.5605800443,0.6221052022,0,0,0,0.590736905,0.560589769,0.6025786176,0,0,0,0.5887687251,0.5629715116,0.6164630564
blood_transfusion,MCAR(0.2 MissForest),TabDDPM,0.0820622776,0.1334222608,0,0,0,0.5975314873,0.5965124347,0.5975238166,0.8295429208,0.9542222222,0,0,0,4.08E-01,117.8223301,0,0,0,0.5587315331,0.582514363,0.5690898779,0,0,0,0.6518887858,0.6055597622,0.6313921828,0,0,0,0.590736905,0.6026559494,0.5851382305,0,0,0,0.5887687251,0.5953196643,0.6044749752
breast_cancer_diagnostic,MCAR(0.2 MissForest),oracle,0,1.852712409,0,0,0,0.9613779549,0.9613779549,0.9577591415,1,0.9678362573,0,0,0,0.8322095112,0.0001054604848,0,0,0,0.9653953526,0.9653953526,0.9592667953,0,0,0,0.9557957103,0.9557957103,0.9557957103,0,0,0,0.9559334667,0.9559334667,0.9567845586,0,0,0,0.9683872901,0.9683872901,0.9591895019
breast_cancer_diagnostic,MCAR(0.2 MissForest),CTGAN,4.412048374,4.539405093,0,0,0,0.9613779549,0.6065621332,0.9379433773,0,0.0005847953216,0,0,0,0.5210331197,12.33991718,0,0,0,0.9653953526,0.6432732507,0.8911110302,0,0,0,0.9557957103,0.6254677618,0.9427278861,0,0,0,0.9559334667,0.55472823,0.9585254421,0,0,0,0.9683872901,0.6027792904,0.9594091508
breast_cancer_diagnostic,MCAR(0.2 MissForest),GaussianCopula,2.57997122,2.826452013,0,0,0,0.9613779549,0.8563140133,0.9527500498,0.03824175824,0.1631578947,0,0,0,0.7047792911,2.634491285,0,0,0,0.9653953526,0.903808337,0.9496880057,0,0,0,0.9557957103,0.7522078067,0.9406297994,0,0,0,0.9559334667,0.9112503976,0.9607465789,0,0,0,0.9683872901,0.8579895121,0.9599358152
breast_cancer_diagnostic,MCAR(0.2 MissForest),TVAE,2.290048603,2.422405533,0,0,0,0.9613779549,0.9316039045,0.9582026872,0.05523809524,0.3485380117,0,0,0,0.4457751605,9.023272991,0,0,0,0.9653953526,0.9242066154,0.9555546579,0,0,0,0.9557957103,0.9305004317,0.9603191015,0,0,0,0.9559334667,0.9390353067,0.957197343,0,0,0,0.9683872901,0.9326732643,0.9597396463
breast_cancer_diagnostic,MCAR(0.2 MissForest),CopulaGAN,5.343518674,5.449254899,0,0,0,0.9613779549,0.4719650222,0.9299235225,0,0,0,0,0,0.8270253269,14.75498692,0,0,0,0.9653953526,0.4194567629,0.8690622838,0,0,0,0.9557957103,0.5137140344,0.9386897833,0,0,0,0.9559334667,0.4545240028,0.9532682835,0,0,0,0.9683872901,0.5001652886,0.9586737394
breast_cancer_diagnostic,MCAR(0.2 MissForest),CTABGAN,2.303726045,2.442869279,0,0,0,0.9613779549,0.7854895823,0.9528841444,0.09597069597,0.3649122807,0,0,0,0.4833061319,4.128463904,0,0,0,0.9653953526,0.6935772258,0.9535827402,0,0,0,0.9557957103,0.7591459145,0.94456572,0,0,0,0.9559334667,0.8607377097,0.9583384869,0,0,0,0.9683872901,0.8284974793,0.9550496304
breast_cancer_diagnostic,MCAR(0.2 MissForest),stasy,2.207062479,2.441818204,0,0,0,0.9613779549,0.9163567932,0.9538357868,0.3648351648,0.7105263158,0,0,0,4.32E-01,153.0353624,0,0,0,0.9653953526,0.9163514339,0.947331439,0,0,0,0.9557957103,0.906152285,0.9535554291,0,0,0,0.9559334667,0.929052904,0.9556304596,0,0,0,0.9683872901,0.9138705501,0.9588258194
breast_cancer_diagnostic,MCAR(0.2 MissForest),TabDDPM,2.459952849,2.874887388,0,0,0,0.9613779549,0.9443311588,0.957544547,0.9305494505,0.9573099415,0,0,0,0.3660321599,118.1413623,0,0,0,0.9653953526,0.9271319965,0.9569226809,0,0,0,0.9557957103,0.9487738431,0.958268897,0,0,0,0.9559334667,0.9523864852,0.9596635179,0,0,0,0.9683872901,0.9490323106,0.9553230922
connectionist_bench_vowel,MCAR(0.2 MissForest),oracle,0,0.6725393433,0,0,0,0.6504474126,0.6504474126,0.6570866305,1,0.9663299663,0,0,0,0.8325814474,7.87E-05,0,0,0,0.6731765241,0.6731765241,0.6716818249,0,0,0,0.0767009015,0.0767009015,0.08452379347,0,0,0,0.9569156874,0.9569156874,0.9670677275,0,0,0,0.8949965374,0.8949965374,0.9050731759
connectionist_bench_vowel,MCAR(0.2 MissForest),CTGAN,1.781420214,1.822010622,0,0,0,0.6504474126,0.06674548918,0.6620771544,0.005808080808,0.12996633,0,0,0,0.4733005302,8.960429668,0,0,0,0.6731765241,0.05966005864,0.4098698963,0,0,0,0.0767009015,0.07718839,0.3635618089,0,0,0,0.9569156874,0.0584536877,0.957468558,0,0,0,0.8949965374,0.07167982039,0.9174083543
connectionist_bench_vowel,MCAR(0.2 MissForest),GaussianCopula,1.396581883,1.476385849,0,0,0,0.6504474126,0.08723222867,0.6654998728,0.008838383838,0.1956228956,0,0,0,0.6772029512,1.57577618,0,0,0,0.6731765241,0.06758414774,0.4217524694,0,0,0,0.0767009015,0.08686751694,0.3522978128,0,0,0,0.9569156874,0.08974011582,0.966016987,0,0,0,0.8949965374,0.1047371342,0.9219322222
connectionist_bench_vowel,MCAR(0.2 MissForest),TVAE,1.021887059,1.111668272,0,0,0,0.6504474126,0.3536471338,0.6838138807,0.05042087542,0.5986531987,0,0,0,0.4199563708,7.387455225,0,0,0,0.6731765241,0.4435102217,0.6125085741,0,0,0,0.0767009015,0.1515696072,0.2901592612,0,0,0,0.9569156874,0.4166645337,0.9423174027,0,0,0,0.8949965374,0.4028441723,0.8902702849
connectionist_bench_vowel,MCAR(0.2 MissForest),CopulaGAN,1.873061084,1.933307703,0,0,0,0.6504474126,0.06189012564,0.6511818692,0.002609427609,0.05656565657,0,0,0,0.6907510676,8.535598993,0,0,0,0.6731765241,0.0503375495,0.3997642488,0,0,0,0.0767009015,0.07706916225,0.3194580605,0,0,0,0.9569156874,0.05467577117,0.9614399724,0,0,0,0.8949965374,0.06547801964,0.924065195
connectionist_bench_vowel,MCAR(0.2 MissForest),CTABGAN,1.383062651,1.438150185,0,0,0,0.6504474126,0.08904563192,0.6484746739,0.009595959596,0.2572390572,0,0,0,4.81E-01,3.737018903,0,0,0,0.6731765241,0.08146145248,0.4109690179,0,0,0,0.0767009015,0.08881616508,0.3086639717,0,0,0,0.9569156874,0.08746915255,0.9601991759,0,0,0,0.8949965374,0.09843575759,0.9140665299
connectionist_bench_vowel,MCAR(0.2 MissForest),stasy,1.009190318,1.106217157,0,0,0,0.6504474126,0.3933099803,0.6782016176,0.06355218855,0.6494949495,0,0,0,0.4233276128,198.0751919,0,0,0,0.6731765241,0.4431165976,0.588973113,0,0,0,0.0767009015,0.2149350828,0.2871807677,0,0,0,0.9569156874,0.4475227474,0.9342046621,0,0,0,0.8949965374,0.4676654936,0.9024479277
connectionist_bench_vowel,MCAR(0.2 MissForest),TabDDPM,0.3995794988,0.722533056,0,0,0,0.6504474126,0.6166180199,0.6737611531,0.8452020202,0.9259259259,0,0,0,0.3548729657,118.2966047,0,0,0,0.6731765241,0.6413521347,0.6630225903,0,0,0,0.0767009015,0.1327235334,0.1612438342,0,0,0,0.9569156874,0.8755697942,0.9559400138,0,0,0,0.8949965374,0.8168266172,0.9148381742
concrete_slump,MCAR(0.2 MissForest),oracle,0,1.100286331,0.8254924131,0.8254924131,0.831996925,0,0,0,1,0.9047619048,1.19E-15,1,39.54023043,0.8348405195,3.51E-05,0.8461201115,0.8461201115,0.8461201115,0,0,0,0.8023021994,0.8023021994,0.8047058459,0,0,0,0.8057604675,0.8057604675,0.8293527123,0,0,0,0.8477868741,0.8477868741,0.8478090302,0,0,0
concrete_slump,MCAR(0.2 MissForest),CTGAN,1.583653261,1.741513954,0.8254924131,-0.6001114596,0.52902217,0,0,0,0.09918699187,0.5968253968,138.638137,0.2666666667,9.902818979,0.4514681434,3.936984539,0.8461201115,-0.4948862453,0.4586006802,0,0,0,0.8023021994,-0.5449999548,0.3873622878,0,0,0,0.8057604675,-0.3978666379,0.6732759305,0,0,0,0.8477868741,-0.9626930006,0.5968497816,0,0,0
concrete_slump,MCAR(0.2 MissForest),GaussianCopula,1.248528767,1.531862454,0.8254924131,-177585245279,0.7513038992,0,0,0,0.2292682927,0.6698412698,10126899.07,0.6583333333,2085806.051,0.6929891826,0.5596556664,0.8461201115,-710340981115,0.7577495448,0,0,0,0.8023021994,0.2619629072,0.6674085705,0,0,0,0.8057604675,0.270792347,0.7893258097,0,0,0,0.8477868741,0.1360766652,0.7907316721,0,0,0
concrete_slump,MCAR(0.2 MissForest),TVAE,1.113474464,1.434609001,0.8254924131,0.072091821,0.6791620901,0,0,0,0.3471544715,0.7333333333,106.1838489,0.3416666667,9.905259056,0.4304197253,2.4510204,0.8461201115,0.178657918,0.6590186611,0,0,0,0.8023021994,0.09361100681,0.6162324031,0,0,0,0.8057604675,0.1111130522,0.7269356895,0,0,0,0.8477868741,-0.09501469304,0.7144616065,0,0,0
concrete_slump,MCAR(0.2 MissForest),CopulaGAN,1.596469735,1.784185297,0.8254924131,-451006511081,0.5275776014,0,0,0,0.06910569106,0.4761904762,24786952.99,0.35,6593324.906,7.07E-01,4.361420234,0.8461201115,-1804026044323,0.4456039842,0,0,0,0.8023021994,-0.4747816668,0.392173281,0,0,0,0.8057604675,-0.3888510231,0.6724194087,0,0,0,0.8477868741,-0.9321323929,0.6001137316,0,0,0
concrete_slump,MCAR(0.2 MissForest),CTABGAN,1.345524656,1.600387749,0.8254924131,0.1317972798,0.8078441009,0,0,0,0.1926829268,0.4920634921,62.89149929,0.725,14.03593676,0.4929688418,1.808932861,0.8461201115,0.3975652124,0.8378843099,0,0,0,0.8023021994,0.0597680074,0.7797177511,0,0,0,0.8057604675,0.0551799685,0.8014491991,0,0,0,0.8477868741,0.01467593083,0.8123251435,0,0,0
concrete_slump,MCAR(0.2 MissForest),stasy,1.082889532,1.398930759,0.8254924131,0.5931289869,0.8319072688,0,0,0,0.4991869919,0.7746031746,64.81780883,0.625,12.41665151,0.4281667351,101.7782643,0.8461201115,0.6067293522,0.8059246018,0,0,0,0.8023021994,0.6145356217,0.7965703586,0,0,0,0.8057604675,0.6188044982,0.854383624,0,0,0,0.8477868741,0.5324464753,0.8707504907,0,0,0
concrete_slump,MCAR(0.2 MissForest),TabDDPM,0.5661848133,1.19853307,0.8254924131,0.6540038365,0.8085281728,0,0,0,0.856097561,0.8634920635,51.56371665,0.6666666667,12.12851207,0.344363929,110.6995637,0.8461201115,0.7830860237,0.8283379929,0,0,0,0.8023021994,0.6698403118,0.7926406566,0,0,0,0.8057604675,0.6471720501,0.8105099273,0,0,0,0.8477868741,0.5159169603,0.8026241142,0,0,0
wine_quality_red,MCAR(0.2 MissForest),oracle,0,0.5043086342,0.3475731869,0.3475731869,0.3473537676,0,0,0,0.9958300756,0.98125,8.96E-16,1,11.17769726,0.8333048593,0.0001678466797,0.3220754354,0.3220754354,0.3220754354,0,0,0,0.3179794107,0.3179794107,0.3148957201,0,0,0,0.4248786184,0.4248786184,0.4234060126,0,0,0,0.3253592829,0.3253592829,0.3290379022,0,0,0
wine_quality_red,MCAR(0.2 MissForest),CTGAN,1.029054206,1.074331483,0.3475731869,-0.1427623812,0.3242906356,0,0,0,0.1050820954,0.3041666667,95.85090696,0.3090909091,5.315402199,0.4694803818,12.30325961,0.3220754354,-0.04522064291,0.2701867362,0,0,0,0.3179794107,-0.1361872955,0.2405301799,0,0,0,0.4248786184,-0.07533463995,0.4376847357,0,0,0,0.3253592829,-0.3143069466,0.3487608904,0,0,0
wine_quality_red,MCAR(0.2 MissForest),GaussianCopula,0.7359079766,0.7993215239,0.3475731869,0.2134676117,0.3454589625,0,0,0,0.2967943706,0.56625,117.8586336,0.5090909091,8.780519084,0.561408044,1.846330404,0.3220754354,0.3016463417,0.3175398026,0,0,0,0.3179794107,0.270487282,0.305021473,0,0,0,0.4248786184,0.2373199303,0.4335457878,0,0,0,0.3253592829,0.04441689284,0.3257287867,0,0,0
wine_quality_red,MCAR(0.2 MissForest),TVAE,0.5133704018,0.5633707767,0.3475731869,0.2420014687,0.3588926528,0,0,0,0.6390930414,0.916875,2.04E+02,0.2787878788,7.94552913,4.51E-01,12.07624555,0.3220754354,0.2805681575,0.3169633527,0,0,0,0.3179794107,0.2161134971,0.3165107762,0,0,0,0.4248786184,0.2729729337,0.4372697712,0,0,0,0.3253592829,0.1983512864,0.3648267112,0,0,0
wine_quality_red,MCAR(0.2 MissForest),CopulaGAN,1.120066201,1.172468463,0.3475731869,-1.98E-01,0.3250196337,0,0,0,0.08459734167,0.24125,103.0846334,0.2303030303,4.140770594,0.5787097574,11.95813704,3.22E-01,-0.1030412976,0.2623111564,0,0,0,0.3179794107,-0.1711701293,0.2704599016,0,0,0,0.4248786184,-0.1289644649,0.4325071793,0,0,0,0.3253592829,-0.3896356801,0.3348002978,0,0,0
wine_quality_red,MCAR(0.2 MissForest),CTABGAN,0.6331058488,0.6801284035,0.3475731869,0.02803235231,0.3273878162,0,0,0,0.3694031796,0.6939583333,196.5841448,0.4363636364,11.84665774,0.4621794197,7.462456783,0.3220754354,0.1480985159,0.3072871065,0,0,0,0.3179794107,0.1452993777,0.2739575784,0,0,0,0.4248786184,0.1118085928,0.4179269279,0,0,0,0.3253592829,-0.2930770773,0.3103796517,0,0,0
wine_quality_red,MCAR(0.2 MissForest),stasy,0.6284713004,0.6962518629,0.3475731869,-0.9987700268,0.2620434172,0,0,0,0.4129267657,0.6185416667,112.0412096,0.2848484848,5.387894828,0.4785892699,340.7048353,0.3220754354,-0.7636960184,0.1147663765,0,0,0,0.3179794107,-1.509105363,0.2370870377,0,0,0,0.4248786184,-0.8388964096,0.3481603853,0,0,0,0.3253592829,-0.8833823163,0.3481598691,0,0,0
wine_quality_red,MCAR(0.2 MissForest),TabDDPM,0.3547923708,0.534512438,0.3475731869,0.2397191131,0.3430956554,0,0,0,0.9475110764,0.965625,200.07202,0.5515151515,12.56994005,0.4137328,116.7441487,0.3220754354,0.2656920921,0.3070674085,0,0,0,0.3179794107,0.2476513172,0.3063558499,0,0,0,0.4248786184,0.2841170415,0.4148798521,0,0,0,0.3253592829,0.1614160016,0.3440795112,0,0,0
wine_quality_white,MCAR(0.2 MissForest),oracle,0,0.4338781008,0.3677915875,0.3677915875,0.368465015,0,0,0,0.9856219159,0.9911564626,1.79E-15,1,16.008584,0.8335195898,0.0001564820608,0.2622624323,0.2622624323,0.2622624323,0,0,0,0.2939442049,0.2939442049,0.2897134971,0,0,0,0.4878961919,0.4878961919,0.4948203048,0,0,0,0.4270635209,0.4270635209,0.427063826,0,0,0
wine_quality_white,MCAR(0.2 MissForest),CTGAN,0.7364943916,0.7714375991,0.3677915875,-0.09069210268,0.317363514,0,0,0,0.236413136,0.4982993197,163.5883033,0.2166666667,3.507166321,0.4566947038,37.35202861,0.2622624323,-0.001822347326,0.2055024505,0,0,0,0.2939442049,-0.005636464676,0.1777079018,0,0,0,0.4878961919,-0.04619655475,0.4848041218,0,0,0,0.4270635209,-0.309113044,0.4014395817,0,0,0
wine_quality_white,MCAR(0.2 MissForest),GaussianCopula,0.6843215437,0.727545376,0.3677915875,0.1910904349,0.3572070587,0,0,0,0.3668708525,0.5589795918,1.60E+02,0.1777777778,6.411866954,5.91E-01,3.738716523,0.2622624323,0.2493814214,0.2623158223,0,0,0,0.2939442049,0.2149710861,0.2711272542,0,0,0,0.4878961919,0.2269383224,0.4823532123,0,0,0,0.4270635209,0.07307090981,0.4130319462,0,0,0
wine_quality_white,MCAR(0.2 MissForest),TVAE,0.4925191242,0.5274380793,0.3677915875,0.2340499926,0.3685321836,0,0,0,0.6035732517,0.8504761905,260.868323,0.1388888889,6.078025469,0.4571665708,30.0851895,0.2622624323,0.211371109,0.2632294783,0,0,0,0.2939442049,0.2376357961,0.2862194247,0,0,0,0.4878961919,0.2753833252,0.481197228,0,0,0,0.4270635209,0.2118097402,0.4434826035,0,0,0
wine_quality_white,MCAR(0.2 MissForest),CopulaGAN,0.912534029,0.9398574128,0.3677915875,-0.08827488694,0.3193030292,0,0,0,0.1632635698,0.3363265306,125.289169,0.1277777778,2.305244238,0.6058758552,39.84255576,0.2622624323,-0.0110983247,0.1915195517,0,0,0,0.2939442049,-0.0215511961,0.1998470615,0,0,0,0.4878961919,-0.04736129103,0.4833354905,0,0,0,0.4270635209,-0.2730887359,0.4025100132,0,0,0
wine_quality_white,MCAR(0.2 MissForest),CTABGAN,0.5073742081,0.550163479,0.3677915875,0.1646075716,0.3538318059,0,0,0,0.5649991492,0.8323129252,410.6895118,0.2555555556,8.35306127,0.4466148451,26.06612953,0.2622624323,0.1966752606,0.2600230813,0,0,0,0.2939442049,0.2023981358,0.2547013719,0,0,0,0.4878961919,0.2321486129,0.4863284071,0,0,0,0.4270635209,0.02720827716,0.4142743631,0,0,0
wine_quality_white,MCAR(0.2 MissForest),stasy,0.4900834433,0.5458994288,0.3677915875,-0.07833240029,0.3499615735,0,0,0,0.6690148035,0.8634693878,174.8983086,0.3333333333,9.416292696,0.4465233466,829.6917235,0.2622624323,0.0922043888,0.2284558196,0,0,0,0.2939442049,-0.5836166682,0.2637217988,0,0,0,0.4878961919,0.1189231322,0.4822165731,0,0,0,0.4270635209,0.05915954603,0.4254521026,0,0,0
wine_quality_white,MCAR(0.2 MissForest),TabDDPM,0.3476739009,0.4530162232,0.3677915875,0.2508347544,0.3628539021,0,0,0,0.9426067722,0.9774829932,233.640199,0.5,16.81433883,0.4106855677,121.1999653,0.2622624323,0.2481488584,0.2606146556,0,0,0,0.2939442049,0.243682415,0.2897097516,0,0,0,0.4878961919,0.3205932749,0.4831264522,0,0,0,0.4270635209,0.1909144695,0.417964749,0,0,0
tictactoe,MCAR(0.2 MissForest),oracle,0,2.033511155,0,0,0,0.8996244339,0.8996244339,0.9049324101,1,0.1440972222,0,0,0,0.8344014205,6.81E-05,0,0,0,0.9787439883,0.9787439883,0.9787439883,0,0,0,0.7195647636,0.7195647636,0.7195647636,0,0,0,0.9097889033,0.9097889033,0.9386755051,0,0,0,0.9904000804,0.9904000804,0.9827453833
tictactoe,MCAR(0.2 MissForest),CTGAN,1.884942023,2.318163109,0,0,0,0.8996244339,0.448517272,0.6846312396,0.4279373368,0.4930555556,0.00E+00,0,0,0.3796524249,7.615313689,0,0,0,0.9787439883,0.4082645955,0.5930292474,0,0,0,0.7195647636,0.4081761979,0.5964117919,0,0,0,0.9097889033,0.4731230114,0.7416556375,0,0,0,0.9904000804,0.5045052832,0.8074282815
tictactoe,MCAR(0.2 MissForest),GaussianCopula,1.851169707,2.314458873,0,0,0,0.8996244339,0.5326495729,0.7223657607,0.4427328111,0.5208333333,0,0,0,0.3755195021,0.8916520278,0,0,0,0.9787439883,0.5327965387,0.6473234709,0,0,0,0.7195647636,0.5312186852,0.6409893959,0,0,0,0.9097889033,0.5345310561,0.7745936708,0,0,0,0.9904000804,0.5320520115,0.8265565051
tictactoe,MCAR(0.2 MissForest),TVAE,1.523299134,2.070846424,0,0,0,0.8996244339,0.6279035679,0.7419962787,0.6100957354,0.5673611111,0,0,0,0.4074460917,2.872447173,0,0,0,0.9787439883,0.6229890234,0.6817435109,0,0,0,0.7195647636,0.6254407891,0.6583590323,0,0,0,0.9097889033,0.6270769811,0.7856128157,0,0,0,0.9904000804,0.636107478,0.8422697558
tictactoe,MCAR(0.2 MissForest),CopulaGAN,1.884942023,2.318163109,0,0,0,0.8996244339,0.448517272,0.6846312396,0.4279373368,0.4930555556,0,0,0,0.3796524249,4.982444843,0,0,0,0.9787439883,0.4082645955,0.5930292474,0,0,0,0.7195647636,0.4081761979,0.5964117919,0,0,0,0.9097889033,0.4731230114,0.7416556375,0,0,0,0.9904000804,0.5045052832,0.8074282815
tictactoe,MCAR(0.2 MissForest),CTABGAN,1.903918937,2.362989448,0,0,0,0.8996244339,0.4585979535,0.7023403019,0.4238468233,0.4802083333,0,0,0,0.3945908487,4.106386344,0,0,0,0.9787439883,0.4246224764,0.6203223308,0,0,0,0.7195647636,0.4267526275,0.6204502572,0,0,0,0.9097889033,0.4763259601,0.7532332948,0,0,0,0.9904000804,0.5066907502,0.8153553246
tictactoe,MCAR(0.2 MissForest),stasy,1.807667973,2.286731511,0,0,0,0.8996244339,0.5860993737,0.7480706782,0.5169712794,0.5454861111,0,0,0,0.4013638499,194.8147291,0,0,0,0.9787439883,0.597377351,0.6951861393,0,0,0,0.7195647636,0.5977932639,0.6713190052,0,0,0,0.9097889033,0.5677603488,0.786702782,0,0,0,0.9904000804,0.5814665313,0.8390747863
tictactoe,MCAR(0.2 MissForest),TabDDPM,1.212898347,2.01763224,0,0,0,0.8996244339,0.7700882111,0.8629634481,0.7088772846,0.4572916667,0,0,0,0.3696340809,300.1118374,0,0,0,0.9787439883,0.7340751573,0.8805413045,0,0,0,0.7195647636,0.6791210643,0.7046791636,0,0,0,0.9097889033,0.8057167272,0.9049694884,0,0,0,0.9904000804,0.8614398957,0.9616638359
congress,MCAR(0.2 MissForest),oracle,0,2.399776232,0,0,0,0.9466191907,0.9466191907,0.9468858772,0.9932950192,0.9310344828,0.00E+00,0,0,0.8322266662,5.30E-05,0,0,0,0.9278383913,0.9278383913,0.9278383913,0,0,0,0.95171629,0.95171629,0.95171629,0,0,0,0.9510797494,0.9510797494,0.9517972123,0,0,0,0.955842332,0.955842332,0.9561916151
congress,MCAR(0.2 MissForest),CTGAN,4.761148754,5.221799266,0,0,0,0.9466191907,0.6197468127,0.9200325785,0.2024904215,0.2475095785,0,0,0,0.4292333302,6.051335494,0,0,0,0.9278383913,0.6630871392,0.914348222,0,0,0,0.95171629,0.6535616114,0.913847765,0,0,0,0.9510797494,0.5878285485,0.9367354815,0,0,0,0.955842332,0.5745099518,0.9151988457
congress,MCAR(0.2 MissForest),GaussianCopula,4.092273112,4.597145668,0,0,0,0.9466191907,0.8511139125,0.9267331828,0.3383141762,0.4413793103,0,0,0,0.4130887249,1.025700569,0,0,0,0.9278383913,0.8870569253,0.9246962148,0,0,0,0.95171629,0.886795304,0.9240240892,0,0,0,0.9510797494,0.8504181991,0.9363082988,0,0,0,0.955842332,0.7801852215,0.9219041284
congress,MCAR(0.2 MissForest),TVAE,2.614517224,2.864284178,0,0,0,0.9466191907,0.8760013937,0.9367754041,0.5444444444,0.6651340996,0,0,0,0.4741107392,1.773781697,0,0,0,0.9278383913,0.8439159703,0.9334090708,0,0,0,0.95171629,0.8380403178,0.9275830847,0,0,0,0.9510797494,0.9142838085,0.9441510611,0,0,0,0.955842332,0.9077654781,0.9419583997
congress,MCAR(0.2 MissForest),CopulaGAN,4.761148754,5.221799266,0,0,0,0.9466191907,0.6197468127,0.9200325785,0.2024904215,0.2475095785,0,0,0,0.4292333302,6.065039873,0,0,0,0.9278383913,0.6630871392,0.914348222,0,0,0,0.95171629,0.6535616114,0.913847765,0,0,0,0.9510797494,0.5878285485,0.9367354815,0,0,0,0.955842332,0.5745099518,0.9151988457
congress,MCAR(0.2 MissForest),CTABGAN,4.936854439,5.273994758,0,0,0,0.9466191907,0.4324846632,0.9274053464,0.2908045977,0.3478927203,0,0,0,0.4364872509,5.597718557,0,0,0,0.9278383913,0.4384829492,0.928135764,0,0,0,0.95171629,0.442257215,0.9274780466,0,0,0,0.9510797494,0.4043025664,0.9328692809,0,0,0,0.955842332,0.4448959222,0.9211382942
congress,MCAR(0.2 MissForest),stasy,3.178264453,3.75048643,0,0,0,0.9466191907,0.925348797,0.9412872046,0.6111111111,0.7111111111,0,0,0,0.3942105927,137.4999623,0,0,0,0.9278383913,0.9296139298,0.9412295297,0,0,0,0.95171629,0.9302152759,0.9348952966,0,0,0,0.9510797494,0.927940073,0.9494222455,0,0,0,0.955842332,0.9136259095,0.9396017468
congress,MCAR(0.2 MissForest),TabDDPM,1.482044848,2.453234533,0,0,0,0.9466191907,0.9423278377,0.942454978,0.8040229885,0.7670498084,0,0,0,0.3829818183,377.2646759,0,0,0,0.9278383913,0.9409924316,0.9299303795,0,0,0,0.95171629,0.9458213508,0.943414274,0,0,0,0.9510797494,0.94000461,0.948360829,0,0,0,0.955842332,0.9424929585,0.9481144295
car,MCAR(0.2 MissForest),oracle,0,1.101833408,0,0,0,0.7444092371,0.7444092371,0.742508067,1,0.3285163776,0,0,0,0.8337711006,6.87E-05,0,0,0,0.8649293999,0.8649293999,0.8649293999,0,0,0,0.5903696489,0.5903696489,0.5903696489,0,0,0,0.6097108019,0.6097108019,0.5914898281,0,0,0,0.9126270976,0.9126270976,0.923243391
car,MCAR(0.2 MissForest),CTGAN,0.9662921462,1.270133713,0,0,0,0.7444092371,0.2407864737,0.3527087175,0.3094548963,0.5213872832,0,0,0,0.380122908,11.57532374,0,0,0,0.8649293999,0.2248619505,0.3219266308,0,0,0,0.5903696489,0.2222206354,0.288544036,0,0,0,0.6097108019,0.2531108745,0.3381122897,0,0,0,0.9126270976,0.2629524345,0.4622519135
car,MCAR(0.2 MissForest),GaussianCopula,0.8644766589,1.257460348,0,0,0,0.7444092371,0.2610723304,0.3866357068,0.3089725036,0.5294797688,0,0,0,0.342663661,0.6990725994,0,0,0,0.8649293999,0.2496810589,0.3802850701,0,0,0,0.5903696489,0.2502585267,0.3735140361,0,0,0,0.6097108019,0.2730195502,0.3408568665,0,0,0,0.9126270976,0.2713301858,0.4518868545
car,MCAR(0.2 MissForest),TVAE,0.7084514575,1.118321229,0,0,0,0.7444092371,0.4821157871,0.6114382641,0.4131693198,0.5493256262,0,0,0,0.3565406032,4.027417898,0,0,0,0.8649293999,0.5026358908,0.6810805647,0,0,0,0.5903696489,0.4831649061,0.5917593902,0,0,0,0.6097108019,0.4550257198,0.5110976545,0,0,0,0.9126270976,0.4876366317,0.6618154471
car,MCAR(0.2 MissForest),CopulaGAN,0.9662921462,1.270133713,0,0,0,0.7444092371,0.2407864737,0.3527087175,0.3094548963,0.5213872832,0,0,0,0.380122908,8.846918344,0,0,0,0.8649293999,0.2248619505,0.3219266308,0,0,0,0.5903696489,0.2222206354,0.288544036,0,0,0,0.6097108019,0.2531108745,0.3381122897,0,0,0,0.9126270976,0.2629524345,0.4622519135
car,MCAR(0.2 MissForest),CTABGAN,0.7424882265,1.129101861,0,0,0,0.7444092371,0.3749531856,0.4343875759,0.377761698,0.5820809249,0,0,0,0.3440815993,7.661606232,0,0,0,0.8649293999,0.3815780855,0.4213219083,0,0,0,0.5903696489,0.3790446443,0.4130100701,0,0,0,0.6097108019,0.3700898811,0.4132835662,0,0,0,0.9126270976,0.3691001314,0.4899347591
car,MCAR(0.2 MissForest),stasy,0.9057989946,1.192668846,0,0,0,0.7444092371,0.4687620338,0.6020085713,0.3824891462,0.5670520231,0,0,0,0.3837004317,346.3307944,0,0,0,0.8649293999,0.5436675059,0.6921099162,0,0,0,0.5903696489,0.4901822999,0.6186196249,0,0,0,0.6097108019,0.4031693571,0.4830353867,0,0,0,0.9126270976,0.4380289722,0.6142693572
car,MCAR(0.2 MissForest),TabDDPM,0.7696653553,1.200566285,0,0,0,0.7444092371,0.6668785282,0.7489368886,0.3268692716,0.3753371869,0,0,0,0.3813506771,288.1065786,0,0,0,0.8649293999,0.8204656326,0.8571352139,0,0,0,0.5903696489,0.5020549508,0.5925695154,0,0,0,0.6097108019,0.5818793862,0.6354016121,0,0,0,0.9126270976,0.763114143,0.9106412128
california,MCAR(0.2 MissForest),oracle,0,0,0.6559524382,0.6559524382,0.6605956374,0,0,0,1,0.9628552972,9.59E-16,1,0.3477156137,0.8334454317,0.0007090568542,0.5974351433,0.5974351433,0.5974351433,0,0,0,0.3911435852,0.3911435852,0.411008101,0,0,0,0.804350173,0.804350173,0.8024105089,0,0,0,0.8308808513,0.8308808513,0.8315287965,0,0,0
california,MCAR(0.2 MissForest),CTGAN,0,0,0.6559524382,-0.1749966946,0.6129061194,0,0,0,0.2613937339,0.5733850129,866.5423328,0.02962962963,0.3030894776,0.442593417,140.6317995,0.5974351433,-1.699683626,0.522328471,0,0,0,0.3911435852,0.2756118438,0.3730044972,0,0,0,0.804350173,0.4082993117,0.7698965622,0,0,0,0.8308808513,0.3157856924,0.7863949472,0,0,0
california,MCAR(0.2 MissForest),GaussianCopula,0,0,0.6559524382,-0.645239765,0.6389654326,0,0,0,0.1206193475,0.3444282946,722.7898714,0,0.1459850223,0.441034612,6.509435813,0.5974351433,-4.187882332,0.5600903435,0,0,0,0.3911435852,0.4308454296,0.4392566248,0,0,0,0.804350173,0.5965959114,0.7622463366,0,0,0,0.8308808513,0.5794819314,0.7942684255,0,0,0
california,MCAR(0.2 MissForest),TVAE,0,0,0.6559524382,-5.409965872,0.6387640221,0,0,0,0.4276728036,0.7802002584,1542.50573,0.08148148148,0.2457045748,0.4395325741,95.66072631,0.5974351433,-23.44341131,0.5752566297,0,0,0,0.3911435852,0.5066182413,0.4201521731,0,0,0,0.804350173,0.6567052091,0.7665188989,0,0,0,0.8308808513,0.6402243712,0.7931283868,0,0,0
california,MCAR(0.2 MissForest),CopulaGAN,0,0,0.6559524382,0.0159545315,0.6119067088,0,0,0,0.2272488695,0.5113210594,307.9794865,0.03703703704,0.2987833386,0.4444266315,133.763653,0.5974351433,-0.4439395085,0.5192819526,0,0,0,0.3911435852,0.1210415407,0.3637710006,0,0,0,0.804350173,0.2340741815,0.7805434794,0,0,0,0.8308808513,0.1526419123,0.7840304028,0,0,0
california,MCAR(0.2 MissForest),CTABGAN,0,0,0.6559524382,0.5281479731,0.6488761078,0,0,0,0.196935562,0.510125969,60.15808535,0.1703703704,0.2924861343,0.4528083702,114.9668668,0.5974351433,0.5494252515,0.5767259455,0,0,0,0.3911435852,0.454196389,0.4115617477,0,0,0,0.804350173,0.5614247407,0.799174518,0,0,0,0.8308808513,0.5475455111,0.80804222,0,0,0
california,MCAR(0.2 MissForest),stasy,0,0,0.6559524382,0.580696141,0.6504944221,0,0,0,0.2966408269,0.6857235142,96.92420351,0.02962962963,0.3200121286,0.443710696,3619.652578,0.5974351433,0.5762504817,0.5861091056,0,0,0,0.3911435852,0.3654434816,0.3739723781,0,0,0,0.804350173,0.691576139,0.8186302263,0,0,0,0.8308808513,0.6895144616,0.8232659784,0,0,0
california,MCAR(0.2 MissForest),TabDDPM,0,0,0.6559524382,0.6470525493,0.660459267,0,0,0,0.6574814276,0.9232396641,60.49755422,0.1851851852,0.3323185692,3.65E-01,146.2903179,0.5974351433,0.5834885078,0.5865987915,0,0,0,0.3911435852,0.4707836677,0.4356421035,0,0,0,0.804350173,0.759711603,0.798367201,0,0,0,0.8308808513,0.774226419,0.8212289722,0,0,0
bean,MCAR(0.2 MissForest),oracle,0,0,0,0,0,0.8076729461,0.8076729461,0.7960192638,1,0.9618068307,0,0,0,0.8332770088,0.0007355213165,0,0,0,0.8506566866,0.8506566866,0.8029091775,0,0,0,0.5081498776,0.5081498776,0.5081498776,0,0,0,0.9339874155,0.9339874155,0.9341339131,0,0,0,0.9378978047,0.9378978047,0.9388840869
bean,MCAR(0.2 MissForest),CTGAN,0,0,0,0,0,0.8076729461,0.6778792189,0.7846250935,0.0003000244918,0.004308972947,0,0,0,0.4511221829,153.0693733,0,0,0,0.8506566866,0.3994528845,0.6527151882,0,0,0,0.5081498776,0.5913484486,0.6164506579,0,0,0,0.9339874155,0.8598536962,0.932850375,0,0,0,0.9378978047,0.8608618462,0.9364841529
bean,MCAR(0.2 MissForest),GaussianCopula,0,0,0,0,0,0.8076729461,0.2220835337,0.7780699165,0.03207812883,0.09276533235,0,0,0,0.6353924106,16.23499266,0,0,0,0.8506566866,0.2070639791,0.6823957229,0,0,0,0.5081498776,0.2354592277,0.5671839614,0,0,0,0.9339874155,0.2250110234,0.9301954753,0,0,0,0.9378978047,0.2207999047,0.9325045063
bean,MCAR(0.2 MissForest),TVAE,0,0,0,0,0,0.8076729461,0.7292935707,0.7816772409,0.01337252021,0.0971232709,0,0,0,0.4475715025,91.80853049,0,0,0,0.8506566866,0.6474639073,0.8055793603,0,0,0,0.5081498776,0.510413722,0.4540674941,0,0,0,0.9339874155,0.8824006304,0.9320583679,0,0,0,0.9378978047,0.8768960231,0.9350037412
bean,MCAR(0.2 MissForest),CopulaGAN,0,0,0,0,0,0.8076729461,0.6303346986,0.8007426402,9.80E-05,0.002570694087,0,0,0,0.6651556407,164.6777396,0,0,0,0.8506566866,0.2840735881,0.6682457931,0,0,0,0.5081498776,0.550868366,0.6640711443,0,0,0,0.9339874155,0.8420376891,0.9336081451,0,0,0,0.9378978047,0.8443591511,0.9370454782
bean,MCAR(0.2 MissForest),CTABGAN,0,0,0,0,0,0.8076729461,0.7732285868,0.8327552144,0.0476549106,0.2134410577,0,0,0,0.4504971042,87.44010623,0,0,0,0.8506566866,0.7016692496,0.7757826557,0,0,0,0.5081498776,0.6698929743,0.6848787823,0,0,0,0.9339874155,0.8758033488,0.9345206027,0,0,0,0.9378978047,0.8455487747,0.9358388168
bean,MCAR(0.2 MissForest),stasy,0,0,0,0,0,0.8076729461,0.6273302539,0.7584167071,0.005247367132,0.02171624434,0,0,0,8.67E-01,2372.389218,0,0,0,0.8506566866,0.05902430902,0.6275326002,0,0,0,0.5081498776,0.5975426609,0.5320790771,0,0,0,0.9339874155,0.9279564474,0.9355628454,0,0,0,0.9378978047,0.9247975984,0.9384923057
bean,MCAR(0.2 MissForest),TabDDPM,0,0,0,0,0,0.8076729461,0.7679541146,0.7783026581,0.7547269165,0.9590402742,0,0,0,0.3594585419,161.8425917,0,0,0,0.8506566866,0.8166376566,0.8286052575,0,0,0,0.5081498776,0.3841348631,0.409478572,0,0,0,0.9339874155,0.9341784814,0.9361263857,0,0,0,0.9378978047,0.9368654572,0.9390004173
