dataset,method,W_train,W_test,R2_real,R2_fake,R2_comb,F1_real,F1_fake,F1_comb,coverage_train,coverage_test,percent_bias,coverage_rate,AW,class_score,time,R2_lin_real,R2_lin_fake,R2_lin_comb,F1_lin_real,F1_lin_fake,F1_lin_comb,R2_linboost_real,R2_linboost_fake,R2_linboost_comb,F1_linboost_real,F1_linboost_fake,F1_linboost_comb,R2_tree_real,R2_tree_fake,R2_tree_comb,F1_tree_real,F1_tree_fake,F1_tree_comb,R2_treeboost_real,R2_treeboost_fake,R2_treeboost_comb,F1_treeboost_real,F1_treeboost_fake,F1_treeboost_comb
iris,forest_diffusion_flow_nt51_ycond,0.1965801197,0.3281705347,0,0,0,0.9715013544,0.9763558138,0.9721793866,0.9355555556,0.9311111111,0,0,0,3.78E-01,12.38138024,0,0,0,1,0.984416597,0.9910888332,0,0,0,0.9664143524,0.9799161203,0.9551386496,0,0,0,0.9642878239,0.9812797313,0.9803684295,0,0,0,0.9553032413,0.9598108065,0.9621216341
wine,forest_diffusion_flow_nt51_ycond,0.8446677618,1.420639609,0,0,0,0.9560277573,0.9443803188,0.963697318,0.9737089202,0.9537037037,0,0,0,0.3219071809,67.98894024,0,0,0,0.946394619,0.9151926267,0.9580666576,0,0,0,0.9093720944,0.9147300479,0.926771919,0,0,0,0.9982675329,0.9844072254,0.9954183293,0,0,0,0.9700767828,0.9631913752,0.9745323662
parkinsons,forest_diffusion_flow_nt51_ycond,1.150549305,1.674458985,0,0,0,0.8238306255,0.7776309751,0.8264129483,0.855982906,0.947008547,0,0,0,0.3782917926,114.6089677,0,0,0,0.709725269,0.7332993822,0.7116573232,0,0,0,0.8621966794,0.787748353,0.8599468931,0,0,0,0.8572741829,0.7908491415,0.8614168031,0,0,0,0.8661263704,0.7986270237,0.872630774
climate_model_crashes,forest_diffusion_flow_nt51_ycond,2.840935504,3.705703947,0,0,0,0.7608071444,0.7388265999,0.7753948672,0.9793209877,0.9765432099,0,0,0,0.3991010513,95.95348096,0,0,0,0.8369939188,0.792816332,0.8447234733,0,0,0,0.8195912949,0.7366617023,0.8057631446,0,0,0,0.5376682743,0.6438099417,0.6354199018,0,0,0,0.8489750894,0.7820184236,0.8156729492
concrete_compression,forest_diffusion_flow_nt51_ycond,0.3191374612,0.542318191,0.7890316565,0.7400815355,0.7827735896,0,0,0,0.7235436893,0.8889967638,123.3335758,0.3333333333,11.39919116,0.4074414989,25.75027053,0.5759607897,0.5655054515,0.5736431277,0,0,0,0.7630503934,0.7356520287,0.7518071305,0,0,0,0.904734688,0.8276861086,0.8963095761,0,0,0,0.9123807549,0.8314825531,0.9093345243,0,0,0
yacht_hydrodynamics,forest_diffusion_flow_nt51_ycond,0.247446419,0.5372785126,0.8956182635,0.8920737182,0.8960151527,0,0,0,0.8298102981,0.9408602151,141.6350563,0.8380952381,46.41292365,0.4888919174,10.60316626,0.5993811972,0.5996129247,0.6043494696,0,0,0,0.9897862716,0.9859009342,0.9884557869,0,0,0,0.9970182189,0.992944404,0.9962529791,0,0,0,0.9962873662,0.9898366101,0.9950023752,0,0,0
airfoil_self_noise,forest_diffusion_flow_nt51_ycond,0.1329188684,0.2563185646,0.7624965712,0.7039524324,0.7570923117,0,0,0,0.8210205214,0.9446290144,4.965446973,0.8555555556,12.35620714,0.4532762692,17.29659994,0.5087932287,0.5071087381,0.5088215812,0,0,0,0.6605055143,0.6351604638,0.6499638431,0,0,0,0.9329225501,0.8384416238,0.9314080125,0,0,0,0.9477649919,0.835098904,0.9381758101,0,0,0
connectionist_bench_sonar,forest_diffusion_flow_nt51_ycond,6.345999932,8.379706989,0,0,0,0.818381758,0.7694245966,0.8061003712,0.8558232932,0.9492063492,0,0,0,3.99E-01,759.0396365,0,0,0,0.7116789746,0.7338460794,0.7135244352,0,0,0,0.8401233699,0.7653075531,0.8056405704,0,0,0,0.8329529656,0.7940095051,0.8565645413,0,0,0,0.8887717218,0.7845352487,0.8486719379
ionosphere,forest_diffusion_flow_nt51_ycond,3.239158601,4.298176362,0,0,0,0.9129495335,0.875360202,0.906318438,0.8278571429,0.9014084507,0,0,0,0.3880086169,271.0278525,0,0,0,0.8506690212,0.829409009,0.8516007463,0,0,0,0.9387153881,0.8804295255,0.9214887302,0,0,0,0.9399530096,0.9026382066,0.9398887133,0,0,0,0.922460715,0.8889640672,0.9122955621
qsar_biodegradation,forest_diffusion_flow_nt51_ycond,1.097155021,1.47129772,0,0,0,0.8517768076,0.8357791499,0.8512419967,0.6893364929,0.8941548183,0,0,0,0.4536372209,534.1876943,0,0,0,0.857561255,0.8361901298,0.8522690117,0,0,0,0.8302144943,0.8237676879,0.8362086312,0,0,0,0.8621689851,0.8438742276,0.8577844251,0,0,0,0.8571624959,0.8392845544,0.8587059188
seeds,forest_diffusion_flow_nt51_ycond,0.3065274948,0.5152237729,0,0,0,0.8711821463,0.8847461748,0.8862889073,0.9384920635,0.9698412698,0,0,0,0.2726410833,24.4699719,0,0,0,0.936659665,0.9460169828,0.9571250489,0,0,0,0.6485722286,0.7259665228,0.6659260044,0,0,0,0.9634046442,0.9319821085,0.9665812371,0,0,0,0.9360920476,0.9350190851,0.9555233386
glass,forest_diffusion_flow_nt51_ycond,0.3568649396,0.6828810939,0,0,0,0.6205299257,0.5674648327,0.5865162109,0.9243664717,0.9162790698,0,0,0,0.3874620745,61.35801729,0,0,0,0.5611093415,0.563873488,0.5679622251,0,0,0,0.4344818638,0.4083413383,0.3060254467,0,0,0,0.7354191386,0.6614728207,0.757916966,0,0,0,0.7511093587,0.6361716839,0.7141602059
ecoli,forest_diffusion_flow_nt51_ycond,0.2443816185,0.4494884995,0,0,0,0.7322560453,0.683640119,0.7307901635,0.9338308458,0.9578431373,0,0,0,0.3936024945,49.60036564,0,0,0,0.8429672979,0.811221443,0.8409850203,0,0,0,0.458974669,0.3527194129,0.4977243009,0,0,0,0.8269753021,0.7842352841,0.8148624144,0,0,0,0.8001069122,0.7863843358,0.7695889182
yeast,forest_diffusion_flow_nt51_ycond,0.2041999762,0.3385969205,0,0,0,0.5159895897,0.4077275976,0.4949910516,0.9218197136,0.9434343434,0,0,0,0.4357934534,104.5293399,0,0,0,0.5386445957,0.493185645,0.5413823744,0,0,0,0.4064941104,0.2508749214,0.3455997348,0,0,0,0.5586396039,0.4566728784,0.5389198474,0,0,0,0.5601800486,0.4301769457,0.5540622498
libras,forest_diffusion_flow_nt51_ycond,7.675977393,9.996808252,0,0,0,0.5838362184,0.4519208575,0.5889242007,0.830787037,0.925,0,0,0,3.63E-01,9481.823641,0,0,0,0.6962763163,0.6281550672,0.7296000543,0,0,0,0.07820754173,0.06262043876,0.07062063467,0,0,0,0.8112754159,0.6066306703,0.808483773,0,0,0,0.7495855996,0.5102772536,0.746992341
planning_relax,forest_diffusion_flow_nt51_ycond,0.8195596243,1.424651022,0,0,0,0.4314188016,0.4517201081,0.4521251173,0.9696551724,0.9945945946,0,0,0,0.2789286129,43.07285635,0,0,0,0.3994260604,0.4411102373,0.4426094844,0,0,0,0.3970594979,0.4816069434,0.4485618824,0,0,0,0.448442713,0.4381400803,0.4538041408,0,0,0,0.4807469349,0.4460231713,0.4635249614
blood_transfusion,forest_diffusion_flow_nt51_ycond,0.07289617916,0.1279131551,0,0,0,0.5975314873,0.5973613548,0.601862447,0.8333333333,0.9555555556,0,0,0,0.4034268323,9.885715167,0,0,0,0.5587315331,0.5844762432,0.5711854214,0,0,0,0.6518887858,0.6177101106,0.6401788934,0,0,0,0.590736905,0.607502713,0.5839598517,0,0,0,0.5887687251,0.5797563525,0.6121256216
breast_cancer_diagnostic,forest_diffusion_flow_nt51_ycond,1.281369931,1.748776201,0,0,0,0.9621434348,0.9444702868,0.961012602,0.9501831502,0.9760233918,0,0,0,0.3606594264,254.774972,0,0,0,0.9684572719,0.9389951147,0.9610163812,0,0,0,0.9557957103,0.9459075248,0.9595386609,0,0,0,0.9559334667,0.9515891341,0.960669451,0,0,0,0.9683872901,0.9413893736,0.9628259148
connectionist_bench_vowel,forest_diffusion_flow_nt51_ycond,0.40870453,0.7274295627,0,0,0,0.6504474126,0.6137401624,0.6705366828,0.8304713805,0.9272727273,0,0,0,0.3092535542,162.0841962,0,0,0,0.6731765241,0.6615742842,0.6708813236,0,0,0,0.0767009015,0.1184028552,0.1452391319,0,0,0,0.9569156874,0.8747667063,0.9568312107,0,0,0,0.8949965374,0.8002168041,0.9091950648
concrete_slump,forest_diffusion_flow_nt51_ycond,0.5388237947,1.170612636,0.8254924131,0.6670818569,0.8157078208,0,0,0,0.9170731707,0.8920634921,31.87042535,0.8333333333,13.53945096,0.3456846213,10.65465148,0.8461201115,0.8139270838,0.8379557899,0,0,0,0.8023021994,0.6417937375,0.795782493,0,0,0,0.8057604675,0.6211263901,0.8120079565,0,0,0,0.8477868741,0.5914802161,0.817085044,0,0,0
wine_quality_red,forest_diffusion_flow_nt51_ycond,0.3852303629,0.5160494227,0.3475731869,0.2591290393,0.3418952608,0,0,0,0.9203023195,0.9727083333,76.30429149,0.7818181818,12.28723096,0.437438609,46.72254737,0.3220754354,0.3044158979,0.3183787642,0,0,0,0.3179794107,0.2666550841,0.3044222958,0,0,0,0.4248786184,0.3001467068,0.4184474903,0,0,0,0.3253592829,0.1652984686,0.3263324928,0,0,0
wine_quality_white,forest_diffusion_flow_nt51_ycond,0.39078558,0.4716978835,0.3677915875,0.2537763084,0.3591643897,0,0,0,0.8808235494,0.9730612245,125.3335658,0.7277777778,15.89882115,4.37E-01,162.2290142,0.2622624323,0.2587471817,0.2621064934,0,0,0,0.2939442049,0.2495575694,0.2699101743,0,0,0,0.4878961919,0.3194639961,0.4892884201,0,0,0,0.4270635209,0.1873364865,0.4153524709,0,0,0
tictactoe,forest_diffusion_flow_nt51_ycond,1.230433241,1.94546053,0,0,0,0.8996244339,0.7458541485,0.8189273482,0.8022628372,0.7277777778,0,0,0,0.3002067884,126.4733055,0,0,0,0.9787439883,0.6886047737,0.7619699172,0,0,0,0.7195647636,0.6728346083,0.6951581195,0,0,0,0.9097889033,0.7957478748,0.8873084801,0,0,0,0.9904000804,0.8262293374,0.9312728761
congress,forest_diffusion_flow_nt51_ycond,3.125183505,3.67138995,0,0,0,0.9466191907,0.9238293371,0.9431939533,0.2668582375,0.3540229885,0,0,0,0.4863104139,252.5217179,0,0,0,0.9278383913,0.8883523846,0.9284823437,0,0,0,0.95171629,0.9228017124,0.9435536185,0,0,0,0.9510797494,0.9430640043,0.9527573992,0,0,0,0.955842332,0.941099247,0.9479824516
car,forest_diffusion_flow_nt51_ycond,0.5094929249,1.002326464,0,0,0,0.7444092371,0.6597632581,0.7169182236,0.5274481428,0.6157996146,0,0,0,0.3072969214,157.7094073,0,0,0,0.8649293999,0.7731236948,0.8291343558,0,0,0,0.5903696489,0.4930162242,0.5590359038,0,0,0,0.6097108019,0.6399208712,0.6686090246,0,0,0,0.9126270976,0.7329922423,0.8108936103
iris,forest_diffusion_vp_nt51_ycond,0.2374404767,0.3326459638,0,0,0,0.9715013544,0.9713081542,0.9683685873,0.8416666667,0.9377777778,0,0,0,0.3701996051,12.80237381,0,0,0,1,0.977722083,0.9933166249,0,0,0,0.9664143524,0.9681893352,0.9461805253,0,0,0,0.9642878239,0.9817118554,0.9763449027,0,0,0,0.9553032413,0.9576093432,0.9576322962
wine,forest_diffusion_vp_nt51_ycond,0.9567891437,1.430664181,0,0,0,0.9560277573,0.9130857184,0.9596978004,0.9610328638,0.9481481481,0,0,0,0.3200623941,70.9395682,0,0,0,0.946394619,0.9139918157,0.9563551614,0,0,0,0.9093720944,0.8143886807,0.9150574716,0,0,0,0.9982675329,0.9830706877,0.9968815592,0,0,0,0.9700767828,0.9408916896,0.9704970092
parkinsons,forest_diffusion_vp_nt51_ycond,1.31446355,1.736257575,0,0,0,0.8238306255,0.7606339503,0.817355097,0.7123931624,0.9076923077,0,0,0,0.3748166671,120.8191675,0,0,0,0.709725269,0.7079514725,0.7039166933,0,0,0,0.8621966794,0.7560741663,0.8383196419,0,0,0,0.8572741829,0.7542394108,0.8568476208,0,0,0,0.8661263704,0.8242707516,0.8703364322
climate_model_crashes,forest_diffusion_vp_nt51_ycond,2.882853701,3.686383829,0,0,0,0.7608071444,0.7535431866,0.7802518167,0.9790123457,0.9790123457,0.00E+00,0,0,3.91E-01,104.0216723,0,0,0,0.8369939188,0.7874610235,0.8351107478,0,0,0,0.8195912949,0.7696241088,0.8032820797,0,0,0,0.5376682743,0.6578893877,0.6368844918,0,0,0,0.8489750894,0.7991982262,0.8457299474
concrete_compression,forest_diffusion_vp_nt51_ycond,0.4046530555,0.5956266617,0.7890316565,0.6872436998,0.7743915767,0,0,0,0.4409385113,0.7805825243,139.3865404,0.162962963,9.775629633,0.4262094467,29.75207861,0.5759607897,0.5617934604,0.5718455827,0,0,0,0.7630503934,0.6901052061,0.7270515615,0,0,0,0.904734688,0.7595233935,0.8913867789,0,0,0,0.9123807549,0.7375527393,0.9072823838,0,0,0
yacht_hydrodynamics,forest_diffusion_vp_nt51_ycond,0.3586524172,0.6185101882,0.8956182635,0.8723286767,0.8895015062,0,0,0,0.4842818428,0.8978494624,182.4274042,0.6761904762,41.95855928,0.4692799604,11.84801817,0.5993811972,0.5755848757,0.5926700674,0,0,0,0.9897862716,0.9718379181,0.9818285942,0,0,0,0.9970182189,0.9841695794,0.9945018958,0,0,0,0.9962873662,0.9577223335,0.9890054673,0,0,0
airfoil_self_noise,forest_diffusion_vp_nt51_ycond,0.2037775292,0.3085049556,0.7624965712,0.6478749229,0.7434475565,0,0,0,0.3444259567,0.8252491694,2.578739922,0.9111111111,12.38241498,0.4391957683,21.08193421,0.5087932287,0.5063205806,0.5084894603,0,0,0,0.6605055143,0.591394139,0.6144608195,0,0,0,0.9329225501,0.7581149195,0.922587292,0,0,0,0.9477649919,0.7356700524,0.9282526543,0,0,0
connectionist_bench_sonar,forest_diffusion_vp_nt51_ycond,6.54243727,8.396914483,0,0,0,0.818381758,0.7797713967,0.8108510679,0.8228915663,0.9396825397,0,0,0,0.3881241359,792.2708579,0,0,0,0.7116789746,0.7492971787,0.7167128883,0,0,0,0.8401233699,0.7828286156,0.8207967822,0,0,0,0.8329529656,0.7979734542,0.8527594093,0,0,0,0.8887717218,0.7889863381,0.8531351917
ionosphere,forest_diffusion_vp_nt51_ycond,3.434304588,4.377701308,0,0,0,0.9129495335,0.888655016,0.9100150121,0.6619047619,0.8,0,0,0,0.3811646025,283.4372644,0,0,0,0.8506690212,0.8272123298,0.8550513481,0,0,0,0.9387153881,0.9050553977,0.9222261235,0,0,0,0.9399530096,0.9184173958,0.9395275702,0,0,0,0.922460715,0.9039349406,0.9232550067
qsar_biodegradation,forest_diffusion_vp_nt51_ycond,1.339784768,1.658720215,0,0,0,0.8517768076,0.8338613393,0.8530716376,0.3493680885,0.7415481833,0,0,0,0.4553672775,552.1123645,0,0,0,0.857561255,0.8389772674,0.8539063812,0,0,0,0.8302144943,0.830957197,0.8364148878,0,0,0,0.8621689851,0.8302999092,0.8616625028,0,0,0,0.8571624959,0.8352109836,0.8603027786
seeds,forest_diffusion_vp_nt51_ycond,0.3727078153,0.5401650591,0,0,0,0.8711821463,0.8637790398,0.8747503516,0.878968254,0.9571428571,0.00E+00,0,0,2.84E-01,25.66652473,0,0,0,0.936659665,0.9536097131,0.9633883642,0,0,0,0.6485722286,0.6488010867,0.6268809853,0,0,0,0.9634046442,0.9215698079,0.9642866456,0,0,0,0.9360920476,0.9311355517,0.9444454113
glass,forest_diffusion_vp_nt51_ycond,0.4500779846,0.7166175734,0,0,0,0.6205299257,0.5412054017,0.6011368367,0.6783625731,0.8403100775,0,0,0,0.398451936,62.13007625,0,0,0,0.5611093415,0.5726121394,0.5836872256,0,0,0,0.4344818638,0.2581002542,0.3342214816,0,0,0,0.7354191386,0.6668206947,0.7382551726,0,0,0,0.7511093587,0.6672885183,0.7483834672
ecoli,forest_diffusion_vp_nt51_ycond,0.3046936306,0.471739903,0,0,0,0.7322560453,0.6930040462,0.7198424061,0.8365671642,0.9509803922,0,0,0,0.4101128286,51.69557095,0,0,0,0.8429672979,0.7971774913,0.8384874132,0,0,0,0.458974669,0.4412996046,0.4490328415,0,0,0,0.8269753021,0.7771305622,0.8112192259,0,0,0,0.8001069122,0.7564085268,0.7806301437
yeast,forest_diffusion_vp_nt51_ycond,0.2646133259,0.3736688565,0,0,0,0.5159895897,0.4235748009,0.4864580192,0.7280539174,0.8967452301,0,0,0,0.4389962626,111.8074695,0,0,0,0.5386445957,0.4869328959,0.5369679867,0,0,0,0.4064941104,0.2720247437,0.3197662885,0,0,0,0.5586396039,0.4536392165,0.540243908,0,0,0,0.5601800486,0.4817023474,0.5488538936
libras,forest_diffusion_vp_nt51_ycond,8.124297103,10.17282643,0,0,0,0.5838362184,0.4414661691,0.5901468612,0.7752314815,0.8916666667,0,0,0,0.3661006741,9042.492355,0,0,0,0.6962763163,0.597154338,0.7411726668,0,0,0,0.07820754173,0.05336177001,0.06767261896,0,0,0,0.8112754159,0.6172039475,0.8088446862,0,0,0,0.7495855996,0.4981446208,0.7428974729
planning_relax,forest_diffusion_vp_nt51_ycond,0.9040405023,1.424855456,0,0,0,0.4314188016,0.5034782324,0.4719642118,0.9508045977,0.9891891892,0,0,0,0.3002776045,43.9971052,0,0,0,0.3994260604,0.4899798126,0.4295902864,0,0,0,0.3970594979,0.5290153355,0.478634292,0,0,0,0.448442713,0.4680049204,0.4573078968,0,0,0,0.4807469349,0.5269128612,0.5223243721
blood_transfusion,forest_diffusion_vp_nt51_ycond,0.1066934063,0.150365189,0,0,0,0.5975314873,0.5894918903,0.596934074,0.8293199554,0.9551111111,0,0,0,0.4111005416,11.21653676,0,0,0,0.5587315331,0.5467715771,0.5521857552,0,0,0,0.6518887858,0.612229725,0.6311273845,0,0,0,0.590736905,0.6122274687,0.5971841295,0,0,0,0.5887687251,0.5867387906,0.6072390269
breast_cancer_diagnostic,forest_diffusion_vp_nt51_ycond,1.462426419,1.847618823,0,0,0,0.9621434348,0.9483110034,0.9595653092,0.7881318681,0.9187134503,0.00E+00,0,0,3.59E-01,266.3432183,0,0,0,0.9684572719,0.9555733551,0.965700875,0,0,0,0.9557957103,0.9451067908,0.9552440988,0,0,0,0.9559334667,0.9506898537,0.9581146004,0,0,0,0.9683872901,0.9418740139,0.9592016626
connectionist_bench_vowel,forest_diffusion_vp_nt51_ycond,0.5014107162,0.7592015682,0,0,0,0.6504474126,0.6155187934,0.6781751105,0.6225589226,0.9171717172,0,0,0,0.3297864577,170.4799684,0,0,0,0.6731765241,0.6500658384,0.6643043493,0,0,0,0.0767009015,0.1566590464,0.176543428,0,0,0,0.9569156874,0.8557194136,0.9538015488,0,0,0,0.8949965374,0.7996308753,0.9180511159
concrete_slump,forest_diffusion_vp_nt51_ycond,0.6240230508,1.168664978,0.8254924131,0.6945947264,0.8215852881,0,0,0,0.9048780488,0.9047619048,31.41891749,0.7166666667,13.54339729,0.3549859061,11.36574268,0.8461201115,0.820984327,0.8404550996,0,0,0,0.8023021994,0.6507176506,0.7897225763,0,0,0,0.8057604675,0.6717793947,0.8270267338,0,0,0,0.8477868741,0.6348975333,0.8291367425,0,0,0
wine_quality_red,forest_diffusion_vp_nt51_ycond,0.4360649361,0.5491578748,0.3475731869,0.2516585166,0.3499721103,0,0,0,0.8199635132,0.953125,37.87519603,0.896969697,12.04090075,0.4197305644,54.96871233,0.3220754354,0.3064700436,0.3174382396,0,0,0,0.3179794107,0.2530831655,0.2954050565,0,0,0,0.4248786184,0.2947422417,0.4352243252,0,0,0,0.3253592829,0.1523386154,0.3518208198,0,0,0
wine_quality_white,forest_diffusion_vp_nt51_ycond,0.4363701474,0.508511313,0.3677915875,0.2609302694,0.3628058684,0,0,0,0.7530372639,0.9343537415,153.4322121,0.3222222222,8.264624253,0.4238205031,186.0494291,0.2622624323,0.2612015116,0.2663473075,0,0,0,0.2939442049,0.2599187528,0.2808904816,0,0,0,0.4878961919,0.3158458033,0.4870162346,0,0,0,0.4270635209,0.2067550097,0.4169694498,0,0,0
tictactoe,forest_diffusion_vp_nt51_ycond,1.197941133,1.945535755,0,0,0,0.8996244339,0.7520531191,0.8252089426,0.8161879896,0.7270833333,0,0,0,0.2946478097,136.1489095,0,0,0,0.9787439883,0.687958497,0.7732043865,0,0,0,0.7195647636,0.6710149986,0.7024121464,0,0,0,0.9097889033,0.8011160584,0.8898503666,0,0,0,0.9904000804,0.8481229226,0.9353688708
congress,forest_diffusion_vp_nt51_ycond,3.140010259,3.708669258,0,0,0,0.9466191907,0.9357688541,0.9447093914,0.2636015326,0.3509578544,0,0,0,0.4872868407,266.3459872,0,0,0,0.9278383913,0.9213768595,0.9332134774,0,0,0,0.95171629,0.9313786538,0.9395448222,0,0,0,0.9510797494,0.9443477575,0.9516747109,0,0,0,0.955842332,0.9459721455,0.9544045551
car,forest_diffusion_vp_nt51_ycond,0.5112927714,0.994457903,0,0,0,0.7444092371,0.6838412068,0.7298252485,0.5240713941,0.6186897881,0,0,0,3.06E-01,171.8349001,0,0,0,0.8649293999,0.7839625578,0.8233381874,0,0,0,0.5903696489,0.5312435528,0.5764880174,0,0,0,0.6097108019,0.6699833546,0.698458153,0,0,0,0.9126270976,0.7501753619,0.8210166364
california,forest_diffusion_flow_nt51_ycond,0,0,0.6559524382,0.5902309761,0.646234264,0,0,0,0.7366561693,0.9456718346,26.70110359,0.2666666667,0.3378322209,0.4228439516,271.4683793,0.5974351433,0.586244716,0.5925198409,0,0,0,0.3911435852,0.4062893465,0.3979677963,0,0,0,0.804350173,0.6846422539,0.7818317935,0,0,0,0.8308808513,0.6837475881,0.8126176254,0,0,0
bean,forest_diffusion_flow_nt51_ycond,0,0,0,0,0,0.8048521685,0.7938764315,0.7745813886,0.7981937301,0.9579385482,0,0,0,0.3646667845,869.4454882,0,0,0,0.8393735762,0.7793440947,0.7974033803,0,0,0,0.5081498776,0.5263535791,0.4258645774,0,0,0,0.9339874155,0.9333456093,0.9353912646,0,0,0,0.9378978047,0.9364624427,0.9396663323
california,forest_diffusion_vp_nt51_ycond,0,0,0.6559524382,0.5972683663,0.6605571513,0,0,0,0.1962249677,0.5454134367,45.4775782,0.1333333333,0.3106518467,0.4422643363,340.1529279,0.5974351433,0.5819445546,0.5859708033,0,0,0,0.3911435852,0.4087887818,0.4314485318,0,0,0,0.804350173,0.6895471987,0.803845091,0,0,0,0.8308808513,0.7087929303,0.820964179,0,0,0
bean,forest_diffusion_vp_nt51_ycond,0,0,0,0,0,0.8048521685,0.8062454132,0.7944419698,0.1299412197,0.4628963153,0,0,0,0.4051600056,947.2411166,0,0,0,0.8393735762,0.8096534612,0.8029201671,0,0,0,0.5081498776,0.5476858527,0.5020120993,0,0,0,0.9339874155,0.9322967242,0.9350188643,0,0,0,0.9378978047,0.9353456147,0.9378167484
iris,oracle,0,0.2361080705,0,0,0,0.9715013544,0.9715013544,0.9726321275,1,0.9333333333,0,0,0,0.832336918,6.97E-05,0,0,0,1,1,1,0,0,0,0.9664143524,0.9664143524,0.9664143524,0,0,0,0.9642878239,0.9642878239,0.9575031856,0,0,0,0.9553032413,0.9553032413,0.9666109719
iris,CTGAN,1.044703419,1.073528535,0,0,0,0.9715013544,0.4012140091,0.9107010288,0.05722222222,0.2288888889,0,0,0,0.4519649818,10.14255428,0,0,0,1,0.4021360125,0.8180797353,0,0,0,0.9664143524,0.3538694937,0.910630205,0,0,0,0.9642878239,0.3919035133,0.9627388307,0,0,0,0.9553032413,0.4569470167,0.9513553442
iris,GaussianCopula,0.6787409372,0.7325724504,0,0,0,0.9715013544,0.6007143767,0.9032376322,0.2066666667,0.5,0,0,0,4.26E-01,0.4656577905,0,0,0,1,0.6780888969,0.8426148676,0,0,0,0.9664143524,0.5473138389,0.8698360388,0,0,0,0.9642878239,0.6123236048,0.951834863,0,0,0,0.9553032413,0.5651311661,0.9486647595
iris,TVAE,0.4477220525,0.4849203574,0,0,0,0.9715013544,0.8961409214,0.9270244874,0.4716666667,0.8133333333,0,0,0,0.3822610003,3.048223813,0,0,0,1,0.9616649823,0.9844054581,0,0,0,0.9664143524,0.8037583584,0.8316449063,0,0,0,0.9642878239,0.9216284422,0.9480722361,0,0,0,0.9553032413,0.8975119028,0.9439753491
iris,CopulaGAN,1.003013981,1.04388197,0,0,0,0.9715013544,0.417689883,0.9153236811,0.05722222222,0.2,0,0,0,0.444421999,8.498247623,0,0,0,1,0.4862485445,0.8618491711,0,0,0,0.9664143524,0.3823103358,0.8833147124,0,0,0,0.9642878239,0.4150240022,0.962858493,0,0,0,0.9553032413,0.3871766495,0.9532723479
iris,CTABGAN,0.8080289851,0.805927597,0,0,0,0.9715013544,0.4739318417,0.9014543666,0.1216666667,0.3733333333,0,0,0,0.4677446714,5.057394743,0,0,0,1,0.5438846489,0.9148084926,0,0,0,0.9664143524,0.3896962944,0.797111488,0,0,0,0.9642878239,0.4820321847,0.952527244,0,0,0,0.9553032413,0.4801142386,0.9413702417
iris,stasy,0.5465965798,0.5813140365,0,0,0,0.9715013544,0.9411256251,0.9577430382,0.6233333333,0.8844444444,0,0,0,0.4235869336,175.6118806,0,0,0,1,0.9842866425,1,0,0,0,0.9664143524,0.8441165186,0.8666056812,0,0,0,0.9642878239,0.9741350008,0.9844054581,0,0,0,0.9553032413,0.9619643385,0.9799610136
iris,TabDDPM,0.193228319,0.3285884953,0,0,0,0.9715013544,0.9658170582,0.9704692936,0.9211111111,0.9177777778,0,0,0,0.3741085971,225.729302,0,0,0,1,0.9821888053,0.9910888332,0,0,0,0.9664143524,0.9430835962,0.9482847759,0,0,0,0.9642878239,0.9781338869,0.9758925934,0,0,0,0.9553032413,0.9598619444,0.9666109719
wine,oracle,0,1.440255312,0,0,0,0.9560277573,0.9560277573,0.9551615238,1,0.9444444444,0,0,0,0.830609094,5.44E-05,0,0,0,0.946394619,0.946394619,0.946394619,0,0,0,0.9093720944,0.9093720944,0.9093720944,0,0,0,0.9982675329,0.9982675329,0.9948025987,0,0,0,0.9700767828,0.9700767828,0.9700767828
wine,CTGAN,2.735321542,2.915778187,0,0,0,0.9560277573,0.4215795731,0.9382537595,0.02488262911,0.09074074074,0,0,0,0.4664157773,11.68017435,0,0,0,0.946394619,0.4676944758,0.9126731148,0,0,0,0.9093720944,0.3988076437,0.8943153967,0,0,0,0.9982675329,0.4129097509,0.9854863621,0,0,0,0.9700767828,0.4069064219,0.9605401644
wine,GaussianCopula,1.880646953,2.09686071,0,0,0,0.9560277573,0.6870775619,0.9459187674,0.2694835681,0.5481481481,0,0,0,0.3828190314,1.26252238,0,0,0,0.946394619,0.7295566348,0.967172829,0,0,0,0.9093720944,0.6323890145,0.8795205745,0,0,0,0.9982675329,0.7360140633,0.9810124605,0,0,0,0.9700767828,0.6503505349,0.9559692058
wine,TVAE,1.592467001,1.787618402,0,0,0,0.9560277573,0.914245394,0.9516964543,0.4539906103,0.7481481481,0,0,0,0.3952330163,6.454209805,0,0,0,0.946394619,0.9127564285,0.9620760598,0,0,0,0.9093720944,0.855894835,0.8825387282,0,0,0,0.9982675329,0.9548647162,0.988742752,0,0,0,0.9700767828,0.9334655961,0.973428277
wine,CopulaGAN,2.841840387,3.011885484,0,0,0,0.9560277573,0.3615323261,0.9303265752,0.03145539906,0.08888888889,0,0,0,0.4716808873,13.00656573,0,0,0,0.946394619,0.3697517845,0.9104603428,0,0,0,0.9093720944,0.3813791351,0.8733692149,0,0,0,0.9982675329,0.3385390722,0.9765620222,0,0,0,0.9700767828,0.3564593126,0.9609147211
wine,CTABGAN,2.025772241,2.204020691,0,0,0,0.9560277573,0.4617831453,0.9293093887,0.1906103286,0.4148148148,0,0,0,0.4524849182,6.953969638,0,0,0,0.946394619,0.4931344373,0.9536505604,0,0,0,0.9093720944,0.4340053489,0.8338399569,0,0,0,0.9982675329,0.4760951181,0.987647159,0,0,0,0.9700767828,0.4438976767,0.9420998787
wine,stasy,1.565230749,1.816959607,0,0,0,0.9560277573,0.9067541979,0.9547376677,0.6201877934,0.8148148148,0,0,0,0.4004539287,181.7879361,0,0,0,0.946394619,0.9286532736,0.9663737744,0,0,0,0.9093720944,0.7717923291,0.8661567873,0,0,0,0.9982675329,0.9738500083,0.9968815592,0,0,0,0.9700767828,0.9527211807,0.9895385499
wine,TabDDPM,0.7122166776,1.530536897,0,0,0,0.9560277573,0.9287364735,0.9539052486,9.35E-01,0.9074074074,0,0,0,0.2952725625,226.4809956,0,0,0,0.946394619,0.9320226916,0.955620609,0,0,0,0.9093720944,0.8312069992,0.888287463,0,0,0,0.9982675329,0.9885763187,0.9975745461,0,0,0,0.9700767828,0.9631398846,0.9741383763
parkinsons,oracle,0,1.704957945,0,0,0,0.8238306255,0.8238306255,0.8057836949,1,0.9829059829,0,0,0,8.32E-01,5.68E-05,0,0,0,0.709725269,0.709725269,0.709725269,0,0,0,0.8621966794,0.8621966794,0.8621966794,0,0,0,0.8572741829,0.8572741829,0.859124119,0,0,0,0.8661263704,0.8661263704,0.792088712
parkinsons,CTGAN,4.261702479,4.226775203,0,0,0,0.8238306255,0.4189745437,0.7902522438,0,0.02393162393,0,0,0,0.6345026314,15.28064982,0,0,0,0.709725269,0.4105850754,0.6890755451,0,0,0,0.8621966794,0.4376970112,0.7841642048,0,0,0,0.8572741829,0.3928333053,0.8436509428,0,0,0,0.8661263704,0.4347827828,0.8441182824
parkinsons,GaussianCopula,2.400979503,2.634046935,0,0,0,0.8238306255,0.5581402311,0.8126340528,0.06495726496,0.3538461538,0,0,0,0.8301922779,4.065370719,0,0,0,0.709725269,0.3600623482,0.7074994547,0,0,0,0.8621966794,0.5839893622,0.8154604272,0,0,0,0.8572741829,0.6290293191,0.8451113947,0,0,0,0.8661263704,0.6594798949,0.8824649348
parkinsons,TVAE,2.392226313,2.375449746,0,0,0,0.8238306255,0.5575096935,0.8159770524,0.102991453,0.441025641,0,0,0,0.4550770847,9.707003117,0,0,0,0.709725269,0.6530478596,0.7576132413,0,0,0,0.8621966794,0.5501146477,0.8233043713,0,0,0,0.8572741829,0.4781853964,0.8097546201,0,0,0,0.8661263704,0.5486908705,0.8732359771
parkinsons,CopulaGAN,4.522203181,4.574073272,0,0,0,0.8238306255,0.3617039503,0.8043069228,0,0.001709401709,0,0,0,0.8147424986,20.94553622,0,0,0,0.709725269,0.2655434295,0.6963672161,0,0,0,0.8621966794,0.4268205076,0.7901328139,0,0,0,0.8572741829,0.3327371502,0.8564180755,0,0,0,0.8661263704,0.4217147139,0.8743095857
parkinsons,CTABGAN,2.072274102,2.104546662,0,0,0,0.8238306255,0.6365445774,0.8025231934,0.1461538462,0.6358974359,0,0,0,0.4881887651,7.674502929,0,0,0,0.709725269,0.6457486658,0.7270868938,0,0,0,0.8621966794,0.57997261,0.8106354743,0,0,0,0.8572741829,0.669958313,0.826298342,0,0,0,0.8661263704,0.6504987208,0.8460720634
parkinsons,stasy,2.405077462,2.79806567,0,0,0,0.8238306255,0.6537875235,0.8187609324,0.2726495726,0.694017094,0,0,0,0.4286649114,184.5243247,0,0,0,0.709725269,0.632900416,0.7036357722,0,0,0,0.8621966794,0.6510644562,0.8293769719,0,0,0,0.8572741829,0.6553573662,0.8542744704,0,0,0,0.8661263704,0.6758278557,0.887756515
parkinsons,TabDDPM,2.942295998,3.717156862,0,0,0,0.8238306255,0.7720515382,0.8272302473,0.8692307692,0.9247863248,0,0,0,3.37E-01,225.8294028,0,0,0,0.709725269,0.7161193219,0.7323568581,0,0,0,0.8621966794,0.7983206232,0.8389949443,0,0,0,0.8572741829,0.7826000376,0.8667050712,0,0,0,0.8661263704,0.7911661701,0.8708641154
climate_model_crashes,oracle,0,3.879358003,0,0,0,0.7608071444,0.7608071444,0.7820156783,1,0.950617284,0,0,0,0.8321472436,7.03E-05,0,0,0,0.8369939188,0.8369939188,0.8369939188,0,0,0,0.8195912949,0.8195912949,0.8195912949,0,0,0,0.5376682743,0.5376682743,0.6375934172,0,0,0,0.8489750894,0.8489750894,0.8338840824
climate_model_crashes,CTGAN,4.332528886,4.657592787,0,0,0,0.7608071444,0.3720608707,0.59838256,0.3589506173,0.6456790123,0,0,0,0.4714842135,14.87651364,0,0,0,0.8369939188,0.3726530876,0.5867713071,0,0,0,0.8195912949,0.3845205382,0.606437658,0,0,0,0.5376682743,0.3605449125,0.5497333838,0,0,0,0.8489750894,0.3705249445,0.6505878912
climate_model_crashes,GaussianCopula,3.592091949,3.954727772,0,0,0,0.7608071444,0.5623542199,0.6260166255,0.7384259259,0.9444444444,0,0,0,0.307245691,1.830239852,0,0,0,0.8369939188,0.5806317164,0.6944613801,0,0,0,0.8195912949,0.5874263404,0.6324579323,0,0,0,0.5376682743,0.4993687407,0.508642658,0,0,0,0.8489750894,0.5819900819,0.6685045318
climate_model_crashes,TVAE,3.770792948,4.15382875,0,0,0,0.7608071444,0,0.6924946963,0.5439814815,0.7790123457,0,0,0,0.4513414288,12.37558015,0,0,0,0.8369939188,0,0.8039680117,0,0,0,0.8195912949,0,0.7265879993,0,0,0,0.5376682743,0,0.4782608696,0,0,0,0.8489750894,0,0.7611619048
climate_model_crashes,CopulaGAN,4.964725771,5.296084938,0,0,0,0.7608071444,0.3944086829,0.6528898169,0.1643518519,0.3567901235,0,0,0,0.4819098747,16.3944567,0,0,0,0.8369939188,0.4337802681,0.6754488972,0,0,0,0.8195912949,0.4177303265,0.6572901915,0,0,0,0.5376682743,0.3466107845,0.5295199306,0,0,0,0.8489750894,0.3795133524,0.7493002484
climate_model_crashes,CTABGAN,3.600029757,3.913164809,0,0,0,0.7608071444,0.6647017472,0.7238481622,0.6685185185,0.8969135802,0,0,0,0.4687415737,7.459560792,0,0,0,0.8369939188,0.7076878039,0.798765947,0,0,0,0.8195912949,0.6461242872,0.7450730982,0,0,0,0.5376682743,0.6104546314,0.5996286609,0,0,0,0.8489750894,0.6945402664,0.7519249425
climate_model_crashes,stasy,3.550571365,3.986613807,0,0,0,0.7608071444,0.7588640572,0.7865077058,0.7486111111,0.9160493827,0,0,0,4.40E-01,229.9752077,0,0,0,0.8369939188,0.8065041339,0.8430790077,0,0,0,0.8195912949,0.7631522197,0.8106449841,0,0,0,0.5376682743,0.6643215652,0.646400029,0,0,0,0.8489750894,0.80147831,0.8459068025
climate_model_crashes,TabDDPM,1.885443438,3.781474446,0,0,0,0.7608071444,0.7428850091,0.7768259667,0.9665123457,0.9518518519,0,0,0,0.3365456113,229.8305368,0,0,0,0.8369939188,0.7936526538,0.8439823575,0,0,0,0.8195912949,0.8035529052,0.8141160846,0,0,0,0.5376682743,0.586040161,0.6099685093,0,0,0,0.8489750894,0.7882943162,0.8392369156
concrete_compression,oracle,0,0.4850938102,0.7890316565,0.7890316565,0.7879022133,0,0,0,0.9716828479,0.9611650485,4.14E-16,1,13.02237084,0.8330732194,5.05E-05,0.5759607897,0.5759607897,0.5759607897,0,0,0,0.7630503934,0.7630503934,0.7585071849,0,0,0,0.904734688,0.904734688,0.9047601789,0,0,0,0.9123807549,0.9123807549,0.9123806996,0,0,0
concrete_compression,CTGAN,1.14439048,1.22063703,0.7890316565,-0.4875701116,0.6569207411,0,0,0,0.02346278317,0.1902912621,128.815717,0.1185185185,5.055728024,0.4740587099,11.46820688,0.5759607897,-0.5191554595,0.44369972,0,0,0,0.7630503934,-0.2459066794,0.4107224725,0,0,0,0.904734688,-0.4203863508,0.885319894,0,0,0,0.9123807549,-0.7648319567,0.887940878,0,0,0
concrete_compression,GaussianCopula,1.010272115,1.066824215,0.7890316565,0.1171038318,0.7708905851,0,0,0,0.03292880259,0.272815534,334.4412887,0.06666666667,11.12178549,0.4747831454,1.153286378,0.5759607897,-1.389832502,0.5551757219,0,0,0,0.7630503934,0.6449561294,0.7257598384,0,0,0,0.904734688,0.6646819385,0.8965542032,0,0,0,0.9123807549,0.5486097612,0.906072577,0,0,0
concrete_compression,TVAE,0.684260054,0.771882816,0.7890316565,0.4779702064,0.7413643788,0,0,0,0.11197411,0.4873786408,216.537165,0.0962962963,5.445243617,0.4579754725,11.88088679,0.5759607897,0.4703186624,0.5491695937,0,0,0,0.7630503934,0.4903358142,0.6191673855,0,0,0,0.904734688,0.5385606988,0.8948416367,0,0,0,0.9123807549,0.4126656502,0.9022788994,0,0,0
concrete_compression,CopulaGAN,1.203032522,1.246719124,0.7890316565,-0.281590718,0.6636367017,0,0,0,0.02305825243,0.1922330097,126.0806289,0.1333333333,6.159451396,0.4725153472,8.994383891,0.5759607897,-0.1692281969,0.4457513312,0,0,0,0.7630503934,-0.1159519479,0.4470609654,0,0,0,0.904734688,-0.2481338717,0.8844478706,0,0,0,0.9123807549,-0.5930488556,0.8772866397,0,0,0
concrete_compression,CTABGAN,1.064797022,1.115999019,0.7890316565,-0.001361461053,0.7211505691,0,0,0,0.01699029126,0.1511326861,333.4645008,0.01481481481,6.562355006,5.20E-01,6.926073472,0.5759607897,-0.1565170146,0.4564180185,0,0,0,0.7630503934,0.1282443061,0.6251888756,0,0,0,0.904734688,0.1036654643,0.8984684608,0,0,0,0.9123807549,-0.08083860008,0.9045269214,0,0,0
concrete_compression,stasy,0.8047522359,0.8552701884,0.7890316565,-26.36419527,0.7627002521,0,0,0,0.146197411,0.5414239482,318.6114658,0.437037037,12.07855173,0.4870889218,299.393508,0.5759607897,-107.3726937,0.5464172071,0,0,0,0.7630503934,0.606373374,0.7029140124,0,0,0,0.904734688,0.6688688788,0.8969566598,0,0,0,0.9123807549,0.6406703465,0.9045131293,0,0,0
concrete_compression,TabDDPM,0.2230376531,0.5133240009,0.7890316565,0.762229058,0.7845405359,0,0,0,0.8482200647,0.916828479,23.1473394,0.9111111111,13.18798145,0.37492108,220.7882928,0.5759607897,0.5730381624,0.5756016362,0,0,0,0.7630503934,0.7509724829,0.7523581983,0,0,0,0.904734688,0.8599854301,0.9030760911,0,0,0,0.9123807549,0.8649201566,0.9071262179,0,0,0
yacht_hydrodynamics,oracle,0,0.4997463846,0.8956182635,0.8956182635,0.8954057115,0,0,0,1,0.9408602151,1.87E-15,1,70.42086517,0.8329483696,4.07E-05,0.5993811972,0.5993811972,0.5993811972,0,0,0,0.9897862716,0.9897862716,0.9888253992,0,0,0,0.9970182189,0.9970182189,0.9971295588,0,0,0,0.9962873662,0.9962873662,0.9962866907,0,0,0
yacht_hydrodynamics,CTGAN,1.009320547,1.096663237,0.8956182635,-0.6051620637,0.6973456229,0,0,0,0.02113821138,0.4215053763,146.2539624,0.4952380952,68.84673234,0.4668913124,6.318255742,0.5993811972,-0.2204451199,0.4847628669,0,0,0,0.9897862716,-0.6661496428,0.4007406197,0,0,0,0.9970182189,-0.5129355566,0.9469919222,0,0,0,0.9962873662,-1.021117936,0.9568870827,0,0,0
yacht_hydrodynamics,GaussianCopula,0.978794222,1.100635769,0.8956182635,0.7315183163,0.8495405689,0,0,0,0.02845528455,0.4365591398,187.598842,0.5333333333,45.46012208,0.476926398,0.7949449221,0.5993811972,0.5313919011,0.5918476956,0,0,0,0.9897862716,0.7574545611,0.8490242234,0,0,0,0.9970182189,0.8575891664,0.9846175237,0,0,0,0.9962873662,0.7796376365,0.9726728328,0,0,0
yacht_hydrodynamics,TVAE,0.7628095561,0.8279353968,0.8956182635,-0.5270383506,0.790574215,0,0,0,0.1070460705,0.5430107527,218.9100994,0.5428571429,55.74294637,0.4651148428,4.259398381,0.5993811972,-2.656900007,0.5479690496,0,0,0,0.9897862716,0.3010650054,0.7528311653,0,0,0,0.9970182189,0.2873232166,0.9397744649,0,0,0,0.9962873662,-0.03964161753,0.9217221802,0,0,0
yacht_hydrodynamics,CopulaGAN,1.105771577,1.24479826,0.8956182635,-1.085042382,0.624287468,0,0,0,0.02032520325,0.3860215054,143.8158975,0.5047619048,53.73225249,4.72E-01,7.049241066,0.5993811972,-0.8589749674,0.2539279634,0,0,0,0.9897862716,-1.184351832,0.3609893248,0,0,0,0.9970182189,-0.9903848802,0.9529184999,0,0,0,0.9962873662,-1.306457848,0.9293140839,0,0,0
yacht_hydrodynamics,CTABGAN,1.159606989,1.184451401,0.8956182635,-0.4172558894,0.7667750317,0,0,0,0.006504065041,0.1462365591,255.7188092,0.4666666667,39.49467534,0.5647992893,3.250008821,0.5993811972,-0.3971594896,0.4141389034,0,0,0,0.9897862716,-0.4285358348,0.714558783,0,0,0,0.9970182189,-0.3838155789,0.9636416362,0,0,0,0.9962873662,-0.4595126542,0.974760804,0,0,0
yacht_hydrodynamics,stasy,0.7222786587,0.900700007,0.8956182635,0.8836784565,0.8978316744,0,0,0,0.1100271003,0.6365591398,42.84537698,0.8761904762,61.01776084,0.4696614369,200.6097124,0.5993811972,0.6202648195,0.616447115,0,0,0,0.9897862716,0.9710103589,0.9849410545,0,0,0,0.9970182189,0.9807626519,0.9957487571,0,0,0,0.9962873662,0.9626759956,0.9941897713,0,0,0
yacht_hydrodynamics,TabDDPM,0.2461071322,0.5375295009,0.8956182635,0.8884163705,0.8944190003,0,0,0,0.8821138211,0.9559139785,114.3603296,0.8761904762,71.62232692,0.4144850439,219.5636156,0.5993811972,0.5860577776,0.5963382577,0,0,0,0.9897862716,0.9857880939,0.9878089808,0,0,0,0.9970182189,0.9918575701,0.9967814186,0,0,0,0.9962873662,0.9899620402,0.9967473441,0,0,0
airfoil_self_noise,oracle,0,0.2413096733,0.7624965712,0.7624965712,0.7624505825,0,0,0,1,0.9634551495,9.38E-16,1,12.58195734,0.8327368177,4.83E-05,0.5087932287,0.5087932287,0.5087932287,0,0,0,0.6605055143,0.6605055143,0.6554079213,0,0,0,0.9329225501,0.9329225501,0.9378362678,0,0,0,0.9477649919,0.9477649919,0.9477649124,0,0,0
airfoil_self_noise,CTGAN,0.684247689,0.701904213,0.7624965712,-0.5146678879,0.5378252695,0,0,0,0.03438713256,0.3357696567,81.18778964,0,14.41595334,0.464840499,15.63671025,0.5087932287,-0.3634098068,0.1670730761,0,0,0,0.6605055143,-0.3110719295,0.1916211507,0,0,0,0.9329225501,-0.4654202759,0.8988250584,0,0,0,0.9477649919,-0.9187695391,0.8937817928,0,0,0
airfoil_self_noise,GaussianCopula,0.6023376859,0.6435036133,0.7624965712,0.2998113232,0.700366837,0,0,0,0.03899057127,0.3169435216,41.98104064,0.08888888889,10.92833651,0.4875034654,1.020255963,0.5087932287,0.3771194288,0.4708430889,0,0,0,0.6605055143,0.3269038507,0.4991057634,0,0,0,0.9329225501,0.3345612962,0.9150285817,0,0,0,0.9477649919,0.1606607168,0.9164899141,0,0,0
airfoil_self_noise,TVAE,0.3643111723,0.4185523525,0.7624965712,0.2026299442,0.6953597521,0,0,0,0.1728785358,0.6279069767,18.38907439,0.5111111111,16.44765876,4.70E-01,13.34340159,0.5087932287,0.4404349965,0.4949723801,0,0,0,0.6605055143,0.2930411804,0.4585205935,0,0,0,0.9329225501,0.1936447354,0.915982402,0,0,0,0.9477649919,-0.1166011354,0.9119636328,0,0,0
airfoil_self_noise,CopulaGAN,0.6473742682,0.6847152475,0.7624965712,-0.2105291056,0.6221280119,0,0,0,0.03100388242,0.3016611296,74.10675528,0.02222222222,14.32836199,0.4698857012,12.84111031,0.5087932287,-0.1024967229,0.3376283192,0,0,0,0.6605055143,-0.07042698597,0.3414622292,0,0,0,0.9329225501,-0.1770478588,0.9130777913,0,0,0,0.9477649919,-0.4921448545,0.8963437081,0,0,0
airfoil_self_noise,CTABGAN,0.6127716343,0.6376899124,0.7624965712,0.1355843374,0.7156392477,0,0,0,0.0127010538,0.1820598007,33.27138654,0.3111111111,13.85408971,0.5117422271,6.335301081,0.5087932287,-0.06296596425,0.4558080006,0,0,0,0.6605055143,0.3286168247,0.564885492,0,0,0,0.9329225501,0.2381509669,0.9102162372,0,0,0,0.9477649919,0.03853552229,0.931647261,0,0,0
airfoil_self_noise,stasy,0.4701264277,0.516054425,0.7624965712,0.6113608919,0.7442003861,0,0,0,0.2565169163,0.7102990033,8.344585054,0.7222222222,14.53340679,0.4694631845,485.6617076,0.5087932287,0.4449746484,0.4917788884,0,0,0,0.6605055143,0.541563071,0.6252194017,0,0,0,0.9329225501,0.7333977708,0.9257349269,0,0,0,0.9477649919,0.7255080772,0.9340683275,0,0,0
airfoil_self_noise,TabDDPM,0.1137221764,0.2526151926,0.7624965712,0.732324013,0.7629327492,0,0,0,0.8897393233,0.9450719823,2.897096902,0.9222222222,12.60045236,0.3838103473,227.8136136,0.5087932287,0.5049518612,0.5077407552,0,0,0,0.6605055143,0.6401222603,0.6558413502,0,0,0,0.9329225501,0.8885129224,0.9385509625,0,0,0,0.9477649919,0.895709008,0.9495979286,0,0,0
connectionist_bench_sonar,oracle,0,8.528049775,0,0,0,0.8203080724,0.8203080724,0.8046159136,1,0.9841269841,0,0,0,0.8310888591,0.0001098314921,0,0,0,0.7193842323,0.7193842323,0.719782414,0,0,0,0.8401233699,0.8401233699,0.8401233699,0,0,0,0.8329529656,0.8329529656,0.8503406872,0,0,0,0.8887717218,0.8887717218,0.8082171833
connectionist_bench_sonar,CTGAN,13.25847979,13.99110957,0,0,0,0.8203080724,0.3956413329,0.7917612705,0.001204819277,0.01904761905,0,0,0,0.6032529045,26.37841996,0,0,0,0.7193842323,0.4382378594,0.7233199901,0,0,0,0.8401233699,0.4067886235,0.7796951711,0,0,0,0.8329529656,0.3716819156,0.8319326189,0,0,0,0.8887717218,0.3658569333,0.832097302
connectionist_bench_sonar,GaussianCopula,9.171900087,10.22391924,0,0,0,0.8203080724,0.6377560519,0.7803420996,0.2040160643,0.7253968254,0,0,0,8.33E-01,9.614300092,0,0,0,0.7193842323,0.628379609,0.7374613851,0,0,0,0.8401233699,0.6209378405,0.7676998217,0,0,0,0.8329529656,0.6690875813,0.8121603722,0,0,0,0.8887717218,0.6326191769,0.8040468193
connectionist_bench_sonar,TVAE,8.438697759,9.531505991,0,0,0,0.8203080724,0.7374729284,0.7959351428,0.3273092369,0.8238095238,0,0,0,0.4411041786,18.25384204,0,0,0,0.7193842323,0.7271169975,0.7248327656,0,0,0,0.8401233699,0.7349664757,0.8086957234,0,0,0,0.8329529656,0.7461578165,0.8142552881,0,0,0,0.8887717218,0.7416504238,0.8359567943
connectionist_bench_sonar,CopulaGAN,15.46644109,16.00608531,0,0,0,0.8203080724,0.4439209731,0.7851670956,0,0.001587301587,0,0,0,0.8407036534,41.4459583,0,0,0,0.7193842323,0.4294530984,0.7252954537,0,0,0,0.8401233699,0.471889585,0.7722914277,0,0,0,0.8329529656,0.4076280967,0.8174604557,0,0,0,0.8887717218,0.4667131123,0.8256210453
connectionist_bench_sonar,CTABGAN,8.360149768,9.314411162,0,0,0,0.8203080724,0.5136741192,0.7970808719,0.4,0.8571428571,0,0,0,0.5073281109,8.558498462,0,0,0,0.7193842323,0.5491480946,0.7417401939,0,0,0,0.8401233699,0.5035644002,0.757670625,0,0,0,0.8329529656,0.5072614687,0.8522066704,0,0,0,0.8887717218,0.4947225133,0.8367059982
connectionist_bench_sonar,stasy,17.59537285,18.2890446,0,0,0,0.8203080724,0.5767974188,0.7930412348,0.00843373494,0.0873015873,0,0,0,0.4964285811,189.4971592,0,0,0,0.7193842323,0.5725674699,0.7138848923,0,0,0,0.8401233699,0.5952890557,0.7916052817,0,0,0,0.8329529656,0.5079389676,0.8406890112,0,0,0,0.8887717218,0.6313941822,0.825985754
connectionist_bench_sonar,TabDDPM,26.23644797,26.64612975,0,0,0,0.8203080724,0.4455105416,0.7811170529,0.0546184739,0.1698412698,0,0,0,0.580657349,227.2732236,0,0,0,0.7193842323,0.5039718328,0.7023447661,0,0,0,0.8401233699,0.4359423263,0.7880303155,0,0,0,0.8329529656,0.4460988824,0.8103141517,0,0,0,0.8887717218,0.3960291249,0.8237789784
ionosphere,oracle,0,4.417807475,0,0,0,0.9129495335,0.9129495335,0.9144347841,1,0.9530516432,0,0,0,0.8313317113,0.0001103878021,0,0,0,0.8506690212,0.8506690212,0.8506690212,0,0,0,0.9387153881,0.9387153881,0.9387153881,0,0,0,0.9399530096,0.9399530096,0.9458940122,0,0,0,0.922460715,0.922460715,0.922460715
ionosphere,CTGAN,8.036152134,8.18513308,0,0,0,0.9129495335,0.4690435542,0.8932593012,0.04095238095,0.0882629108,0,0,0,4.93E-01,18.90013957,0,0,0,0.8506690212,0.4201406648,0.817965995,0,0,0,0.9387153881,0.4828416792,0.9014988676,0,0,0,0.9399530096,0.4936339562,0.9312079998,0,0,0,0.922460715,0.4795579167,0.9223643422
ionosphere,GaussianCopula,7.146821745,7.531703647,0,0,0,0.9129495335,0.6502837896,0.8987040782,0.06904761905,0.09107981221,0,0,0,0.8667160585,6.24084576,0,0,0,0.8506690212,0.672761577,0.8398675564,0,0,0,0.9387153881,0.5698912598,0.9079311601,0,0,0,0.9399530096,0.6903259666,0.9330357057,0,0,0,0.922460715,0.6681563548,0.9139818905
ionosphere,TVAE,4.719684664,5.113302119,0,0,0,0.9129495335,0.8212541356,0.9067236396,0.1564285714,0.3802816901,0,0,0,0.4407494643,14.60356259,0,0,0,0.8506690212,0.7989647146,0.8644231007,0,0,0,0.9387153881,0.8224219448,0.9176351852,0,0,0,0.9399530096,0.8528679151,0.9307253681,0,0,0,0.922460715,0.810761968,0.9141109045
ionosphere,CopulaGAN,9.324023683,9.578973722,0,0,0,0.9129495335,0.3463186039,0.8769949708,0.03333333333,0.0676056338,0,0,0,0.8728900832,26.74688466,0,0,0,0.8506690212,0.2750893376,0.8200223514,0,0,0,0.9387153881,0.3926011206,0.8484208052,0,0,0,0.9399530096,0.3519375403,0.9313924984,0,0,0,0.922460715,0.3656464171,0.9081442283
ionosphere,CTABGAN,5.616943613,5.82351458,0,0,0,0.9129495335,0.6645837198,0.8921197993,0.06833333333,0.19342723,0,0,0,0.4984047641,7.928587675,0,0,0,0.8506690212,0.670737609,0.8318854368,0,0,0,0.9387153881,0.6273557366,0.8926926573,0,0,0,0.9399530096,0.6997128453,0.9358041842,0,0,0,0.922460715,0.6605286883,0.9080969188
ionosphere,stasy,5.845960192,6.449373629,0,0,0,0.9129495335,0.799416346,0.8973592521,0.1957142857,0.3267605634,0,0,0,0.4475468798,208.3272459,0,0,0,0.8506690212,0.7780941666,0.8345799681,0,0,0,0.9387153881,0.7893401755,0.9038498171,0,0,0,0.9399530096,0.8050458707,0.9323382184,0,0,0,0.922460715,0.8251851713,0.9186690048
ionosphere,TabDDPM,8.096919921,8.844235972,0,0,0,0.9129495335,0.8300152285,0.8940709606,0.6442857143,0.8234741784,0,0,0,0.3924784955,386.5326788,0,0,0,0.8506690212,0.7841840454,0.8464992049,0,0,0,0.9387153881,0.8191318455,0.8836365603,0,0,0,0.9399530096,0.8835194505,0.9385361298,0,0,0,0.922460715,0.8332255727,0.9076119475
qsar_biodegradation,oracle,0,1.37611821,0,0,0,0.8512666078,0.8512666078,0.8491600359,1,0.9605055292,0,0,0,8.34E-01,0.0001262029012,0,0,0,0.8555204561,0.8555204561,0.852312713,0,0,0,0.8302144943,0.8302144943,0.8302144943,0,0,0,0.8621689851,0.8621689851,0.8568064249,0,0,0,0.8571624959,0.8571624959,0.8573065113
qsar_biodegradation,CTGAN,3.486665963,3.566836589,0,0,0,0.8512666078,0.4795516871,0.8381637788,0.001105845182,0.02969984202,0,0,0,0.5367262481,25.12912607,0,0,0,0.8555204561,0.4849476419,0.8104566278,0,0,0,0.8302144943,0.4993110202,0.8298705577,0,0,0,0.8621689851,0.437849317,0.8590128723,0,0,0,0.8571624959,0.4960987693,0.8533150575
qsar_biodegradation,GaussianCopula,4.540394868,4.709822671,0,0,0,0.8512666078,0.6758715422,0.8440798213,0.001105845182,0.002843601896,0,0,0,0.8831701226,8.890733798,0,0,0,0.8555204561,0.6145125971,0.8298602689,0,0,0,0.8302144943,0.6786623045,0.8313251317,0,0,0,0.8621689851,0.7271272811,0.8566854221,0,0,0,0.8571624959,0.6831839863,0.8584484626
qsar_biodegradation,TVAE,1.8604495,1.978960888,0,0,0,0.8512666078,0.7578960906,0.8378518615,0.1124012638,0.4963665087,0,0,0,0.4852745662,25.22033381,0,0,0,0.8555204561,0.7413392268,0.8240030757,0,0,0,0.8302144943,0.7633255517,0.8269612722,0,0,0,0.8621689851,0.7461662431,0.8493144154,0,0,0,0.8571624959,0.7807533407,0.8511286829
qsar_biodegradation,CopulaGAN,4.862838401,4.946046463,0,0,0,0.8512666078,0.4349297887,0.8365515623,0,0.0009478672986,0,0,0,0.8662850368,33.75328024,0,0,0,0.8555204561,0.4311154711,0.813466034,0,0,0,0.8302144943,0.4485134368,0.8236853666,0,0,0,0.8621689851,0.411785212,0.8597515429,0,0,0,0.8571624959,0.4483050349,0.8493033058
qsar_biodegradation,CTABGAN,3.424737882,3.490434812,0,0,0,0.8512666078,0.4472235047,0.8379174055,0.0006319115324,0.01327014218,0,0,0,0.8080462524,15.59431895,0,0,0,0.8555204561,0.4685448863,0.8195518521,0,0,0,0.8302144943,0.4589567125,0.8217673734,0,0,0,0.8621689851,0.4051315598,0.8581624301,0,0,0,0.8571624959,0.4562608601,0.8521879665
qsar_biodegradation,stasy,2.848381703,3.067302809,0,0,0,0.8512666078,0.7266350094,0.838954047,0.0355450237,0.2840442338,0,0,0,0.4787489241,293.7012475,0,0,0,0.8555204561,0.7529617666,0.823483342,0,0,0,0.8302144943,0.7214387505,0.8218327007,0,0,0,0.8621689851,0.7160221876,0.8575368037,0,0,0,0.8571624959,0.7161173327,0.8529633419
qsar_biodegradation,TabDDPM,19.11630541,19.13319565,0,0,0,0.8512666078,0.3869676532,0.8308362959,7.90E-05,0,0.00E+00,0,0,8.08E-01,411.5941953,0,0,0,0.8555204561,0.3897801052,0.7904225143,0,0,0,0.8302144943,0.4005648053,0.81888631,0,0,0,0.8621689851,0.4068462031,0.859581699,0,0,0,0.8571624959,0.3506794991,0.8544546603
seeds,oracle,0,0.4597781875,0,0,0,0.8711821463,0.8711821463,0.8744302201,1,0.9761904762,0,0,0,0.8322919972,4.43E-05,0,0,0,0.936659665,0.936659665,0.936659665,0,0,0,0.6485722286,0.6485722286,0.6485722286,0,0,0,0.9634046442,0.9634046442,0.9681563505,0,0,0,0.9360920476,0.9360920476,0.9443326363
seeds,CTGAN,1.741254992,1.827668266,0,0,0,0.8711821463,0.3576095809,0.912550609,0.0123015873,0.0746031746,0,0,0,0.4649150379,9.359215657,0,0,0,0.936659665,0.3635428123,0.905455176,0,0,0,0.6485722286,0.3486215228,0.8690145149,0,0,0,0.9634046442,0.3425302392,0.947149752,0,0,0,0.9360920476,0.3757437494,0.9285829932
seeds,GaussianCopula,0.8964855256,1.015082323,0,0,0,0.8711821463,0.5872042473,0.919215498,0.2468253968,0.6380952381,0,0,0,0.3930820481,0.7862698237,0,0,0,0.936659665,0.6588772189,0.9496221695,0,0,0,0.6485722286,0.5449572766,0.8655011622,0,0,0,0.9634046442,0.5783598682,0.9370384513,0,0,0,0.9360920476,0.5666226255,0.9247002091
seeds,TVAE,0.8587541113,0.941741918,0,0,0,0.8711821463,0.8811734985,0.9151947382,0.203968254,0.6476190476,0,0,0,0.396759308,4.392167807,0,0,0,0.936659665,0.9297792563,0.9618409205,0,0,0,0.6485722286,0.8027907698,0.8004294376,0,0,0,0.9634046442,0.9003767235,0.952469457,0,0,0,0.9360920476,0.8917472443,0.9460391375
seeds,CopulaGAN,1.898489072,1.951915387,0,0,0,0.8711821463,0.4332380581,0.9204303328,0.005158730159,0.05873015873,0,0,0,0.4691692505,10.06586909,0,0,0,0.936659665,0.5025536285,0.9307538516,0,0,0,0.6485722286,0.4094339687,0.8769017471,0,0,0,0.9634046442,0.3989513311,0.946053064,0,0,0,0.9360920476,0.4220133041,0.9280126685
seeds,CTABGAN,1.161764519,1.237197306,0,0,0,0.8711821463,0.497849119,0.8930704617,0.1591269841,0.4015873016,0,0,0,0.4465268009,4.942510525,0,0,0,0.936659665,0.560895812,0.9330169789,0,0,0,0.6485722286,0.4581109217,0.8017868543,0,0,0,0.9634046442,0.5067496781,0.9341436631,0,0,0,0.9360920476,0.4656400644,0.9033343505
seeds,stasy,0.7170054787,0.8081406809,0,0,0,0.8711821463,0.8669941703,0.8993773315,0.6849206349,0.926984127,0.00E+00,0,0,3.72E-01,182.5743001,0,0,0,0.936659665,0.9484357097,0.9649810612,0,0,0,0.6485722286,0.7378109663,0.7184857339,0,0,0,0.9634046442,0.8789041949,0.9474510578,0,0,0,0.9360920476,0.9028258101,0.966591473
seeds,TabDDPM,0.2627080201,0.5157805501,0,0,0,0.8711821463,0.8766054083,0.8680307269,0.925,0.9634920635,0,0,0,0.2745498477,220.6756008,0,0,0,0.936659665,0.927034292,0.931995877,0,0,0,0.6485722286,0.7280920771,0.6337164157,0,0,0,0.9634046442,0.9292951362,0.9589703358,0,0,0,0.9360920476,0.9220001281,0.9474402793
glass,oracle,0,0.6305955746,0,0,0,0.6205299257,0.6205299257,0.6309882546,1,0.9612403101,0,0,0,0.8312630639,5.67E-05,0,0,0,0.5611093415,0.5611093415,0.5574651607,0,0,0,0.4344818638,0.4344818638,0.4344818638,0,0,0,0.7354191386,0.7354191386,0.7635877724,0,0,0,0.7511093587,0.7511093587,0.7684182215
glass,CTGAN,1.539606491,1.624183076,0,0,0,0.6205299257,0.1439865732,0.5118568828,0.09512670565,0.2682170543,0,0,0,0.4649932662,10.05513716,0,0,0,0.5611093415,0.1714857538,0.3580560055,0,0,0,0.4344818638,0.1121667803,0.3231515579,0,0,0,0.7354191386,0.1452285251,0.6878635757,0,0,0,0.7511093587,0.1470652336,0.6783563923
glass,GaussianCopula,1.964032825,2.042190481,0,0,0,0.6205299257,0.1490857491,0.5108126709,0.03937621832,0.1255813953,0,0,0,0.7804744366,1.938845634,0,0,0,0.5611093415,0.1631344988,0.3842099661,0,0,0,0.4344818638,0.1372904774,0.2818798888,0,0,0,0.7354191386,0.1426247079,0.7259873306,0,0,0,0.7511093587,0.1532933124,0.6511734979
glass,TVAE,0.874143108,0.990960929,0,0,0,0.6205299257,0,0.5159325545,0.2584795322,0.6046511628,0,0,0,0.456470596,5.926386356,0,0,0,0.5611093415,0,0.5013697867,0,0,0,0.4344818638,0,0.3113602489,0,0,0,0.7354191386,0,0.5927116463,0,0,0,0.7511093587,0,0.6582885364
glass,CopulaGAN,1.988120788,2.068577535,0,0,0,0.6205299257,0.1355362411,0.5110989448,0.04444444444,0.1441860465,0,0,0,0.7868294086,12.47386249,0,0,0,0.5611093415,0.137890011,0.3780293554,0,0,0,0.4344818638,0.1171739831,0.2805026357,0,0,0,0.7354191386,0.1352366315,0.7542676434,0,0,0,0.7511093587,0.151844339,0.6315961448
glass,CTABGAN,1.260193373,1.347857238,0,0,0,0.6205299257,0.1193222553,0.5175584298,0.077582846,0.2403100775,0.00E+00,0,0,0.6541663931,6.700128476,0,0,0,0.5611093415,0.1265933506,0.3895254742,0,0,0,0.4344818638,0.1007398992,0.2807024226,0,0,0,0.7354191386,0.1335248424,0.692892684,0,0,0,0.7511093587,0.1164309293,0.7071131384
glass,stasy,0.8043705458,0.9664773339,0,0,0,0.6205299257,0.4219044528,0.5689665624,0.3754385965,0.6573643411,0,0,0,0.4350525041,184.2780411,0,0,0,0.5611093415,0.4952343874,0.5467258982,0,0,0,0.4344818638,0.2783546318,0.3242691035,0,0,0,0.7354191386,0.4253305566,0.6842402007,0,0,0,0.7511093587,0.4886982354,0.7206310471
glass,TabDDPM,0.3153007241,0.6901999025,0,0,0,0.6205299257,0.5414120416,0.6052416875,0.9196881092,0.9162790698,0,0,0,0.2881976597,220.5782957,0,0,0,0.5611093415,0.5320965866,0.5580464907,0,0,0,0.4344818638,0.3420225196,0.3885387884,0,0,0,0.7354191386,0.665990141,0.7599111397,0,0,0,0.7511093587,0.6255389191,0.7144703312
ecoli,oracle,0,0.4013585467,0,0,0,0.7322560453,0.7322560453,0.7255493177,1,0.9754901961,0,0,0,0.8323680908,4.74E-05,0,0,0,0.8429672979,0.8429672979,0.8429672979,0,0,0,0.458974669,0.458974669,0.458974669,0,0,0,0.8269753021,0.8269753021,0.8178341815,0,0,0,0.8001069122,0.8001069122,0.7824211224
ecoli,CTGAN,1.248212013,1.313490952,0,0,0,0.7322560453,0.1229765472,0.6313894703,0.1002487562,0.2558823529,0,0,0,0.4559839222,10.34316206,0,0,0,0.8429672979,0.1296201874,0.6400218107,0,0,0,0.458974669,0.1123912431,0.3808261654,0,0,0,0.8269753021,0.129526807,0.7822709941,0,0,0,0.8001069122,0.1203679512,0.7224389112
ecoli,GaussianCopula,1.832188821,1.907129465,0,0,0,0.7322560453,0.1981577657,0.6867050869,0.004726368159,0.005882352941,0,0,0,0.9916510903,1.714068015,0,0,0,0.8429672979,0.1782346964,0.7871986991,0,0,0,0.458974669,0.2138547139,0.3637180951,0,0,0,0.8269753021,0.200603936,0.8138141003,0,0,0,0.8001069122,0.1999377165,0.7820894532
ecoli,TVAE,0.6321730473,0.6665844058,0,0,0,0.7322560453,0,0.6799489132,0.4699004975,0.7588235294,0,0,0,0.4217754181,5.339319468,0,0,0,0.8429672979,0,0.8272102572,0,0,0,0.458974669,0,0.339480291,0,0,0,0.8269753021,0,0.7860398642,0,0,0,0.8001069122,0,0.7670652403
ecoli,CopulaGAN,2.26696002,2.332917382,0,0,0,0.7322560453,0.06673985496,0.6567228362,0.003980099502,0.006862745098,0.00E+00,0,0,0.9916510903,11.44319781,0,0,0,0.8429672979,0.05000670014,0.8138407297,0,0,0,0.458974669,0.06975687659,0.218324524,0,0,0,0.8269753021,0.07254008717,0.8152783872,0,0,0,0.8001069122,0.07465575594,0.779447704
ecoli,CTABGAN,1.185598059,1.238702348,0,0,0,0.7322560453,0.09390015412,0.6806085642,0.05721393035,0.181372549,0,0,0,0.7823954181,6.678265095,0,0,0,0.8429672979,0.0750143543,0.8167471675,0,0,0,0.458974669,0.08869690141,0.2069380487,0,0,0,0.8269753021,0.1112773497,0.8467091978,0,0,0,0.8001069122,0.100612011,0.8520398427
ecoli,stasy,0.9161220833,0.9519780795,0,0,0,0.7322560453,0.4205111941,0.720368248,0.3967661692,0.7303921569,0,0,0,0.452865871,201.4201619,0,0,0,0.8429672979,0.5356410487,0.8219609705,0,0,0,0.458974669,0.2110711889,0.4150870763,0,0,0,0.8269753021,0.4589440041,0.8136817376,0,0,0,0.8001069122,0.4763885345,0.8307432075
ecoli,TabDDPM,0.2322297291,0.4541774058,0,0,0,0.7322560453,0.6733784446,0.7167754084,0.9164179104,0.9480392157,0,0,0,0.3250773933,224.9493382,0,0,0,0.8429672979,0.8067398166,0.8327200953,0,0,0,0.458974669,0.3586213381,0.4484084381,0,0,0,0.8269753021,0.7896331103,0.8163932991,0,0,0,0.8001069122,0.7385195133,0.7695798013
yeast,oracle,0,0.3176505118,0,0,0,0.5159895897,0.5159895897,0.5167751468,1,0.9528619529,0,0,0,0.8319658879,9.40E-05,0,0,0,0.5386445957,0.5386445957,0.5432829367,0,0,0,0.4064941104,0.4064941104,0.4044013084,0,0,0,0.5586396039,0.5586396039,0.558894441,0,0,0,0.5601800486,0.5601800486,0.560521901
yeast,CTGAN,1.094908341,1.126808185,0,0,0,0.5159895897,0.06661244409,0.3813553684,0.1571468689,0.3472502806,0,0,0,0.4708673766,22.65739489,0,0,0,0.5386445957,0.07435698872,0.3578524167,0,0,0,0.4064941104,0.04772412051,0.1861159681,0,0,0,0.5586396039,0.07146886959,0.4922874982,0,0,0,0.5601800486,0.07289979754,0.4891655907
yeast,GaussianCopula,2.788292796,2.83021844,0,0,0,0.5159895897,0.07881517447,0.4199148319,0.002078067958,0.01077441077,0,0,0,0.9499754149,2.262721697,0,0,0,0.5386445957,0.05183060168,0.4803890218,0,0,0,0.4064941104,0.07771466978,0.1023396683,0,0,0,0.5586396039,0.09017515503,0.5615111363,0,0,0,0.5601800486,0.0955402714,0.535419501
yeast,TVAE,0.441938159,0.4768843856,0,0,0,0.5159895897,0,0.4447084458,0.4962650941,0.7842873176,0,0,0,0.4565389517,16.48286621,0,0,0,0.5386445957,0,0.4767578553,0,0,0,0.4064941104,0,0.3266829398,0,0,0,0.5586396039,0,0.4371752742,0,0,0,0.5601800486,0,0.5382177138
yeast,CopulaGAN,2.345997694,2.374272941,0,0,0,0.5159895897,0.06171392838,0.4127427558,0.002695871946,0.01324354658,0,0,0,0.8664590116,21.86065809,0,0,0,0.5386445957,0.04866268515,0.4069792275,0,0,0,0.4064941104,0.05311395562,0.1292763969,0,0,0,0.5586396039,0.07339165423,0.5760068759,0,0,0,0.5601800486,0.07168741851,0.538708523
yeast,CTABGAN,0.4973064791,0.5368079476,0,0,0,0.5159895897,0.2196910994,0.4547214337,0.1659646167,0.4179573513,0,0,0,0.7351857768,13.95939827,0,0,0,0.5386445957,0.2660928407,0.5212859675,0,0,0,0.4064941104,0.09985735897,0.2006506781,0,0,0,0.5586396039,0.274115182,0.5462223913,0,0,0,0.5601800486,0.2386990158,0.5507266979
yeast,stasy,0.4613575596,0.5171299158,0,0,0,0.5159895897,0.1882685465,0.4796309681,0.5069924179,0.8338945006,0,0,0,0.4549686634,480.8940334,0,0,0,0.5386445957,0.2217334305,0.5107146773,0,0,0,0.4064941104,0.1306856033,0.3596398516,0,0,0,0.5586396039,0.1927032408,0.5109074405,0,0,0,0.5601800486,0.2079519113,0.5372619031
yeast,TabDDPM,0.1770334592,0.3518277731,0,0,0,0.5159895897,0.4304422846,0.4898341073,0.9260320135,0.9227833895,0,0,0,0.3740157128,232.7861222,0,0,0,0.5386445957,0.5058166561,0.5435494163,0,0,0,0.4064941104,0.2671465478,0.3188729328,0,0,0,0.5586396039,0.472464372,0.5347735114,0,0,0,0.5601800486,0.4763415625,0.5621405688
libras,oracle,0,8.906211955,0,0,0,0.588410903,0.588410903,0.5910500478,1,0.9722222222,0,0,0,0.8324882288,0.0002168019613,0,0,0,0.7145750546,0.7145750546,0.7065427165,0,0,0,0.07820754173,0.07820754173,0.07820754173,0,0,0,0.8112754159,0.8112754159,0.8231086198,0,0,0,0.7495855996,0.7495855996,0.756341313
libras,CTGAN,23.16691622,23.50709714,0,0,0,0.588410903,0.03532489849,0.6094467647,0,0,0,0,0,0.6361238243,38.81283259,0,0,0,0.7145750546,0.04083390615,0.7294329004,0,0,0,0.07820754173,0.02823615046,0.12394589,0,0,0,0.8112754159,0.02692275677,0.8092652385,0,0,0,0.7495855996,0.04530678055,0.7751430298
libras,GaussianCopula,11.74235388,12.76208223,0,0,0,0.588410903,0.07245265157,0.5673464696,0.187037037,0.6861111111,0,0,0,0.3968043734,6.066472769,0,0,0,0.7145750546,0.09128657762,0.5504970026,0,0,0,0.07820754173,0.05084193996,0.1917304242,0,0,0,0.8112754159,0.07357339418,0.7993417989,0,0,0,0.7495855996,0.0741086945,0.7278166525
libras,TVAE,13.15850857,14.10453904,0,0,0,0.588410903,0.2676958934,0.5806421457,0.03356481481,0.375,0,0,0,0.4572075852,30.19521308,0,0,0,0.7145750546,0.4339261447,0.7288357568,0,0,0,0.07820754173,0.04030255812,0.06916352119,0,0,0,0.8112754159,0.277303844,0.7765432074,0,0,0,0.7495855996,0.3192510269,0.7480260974
libras,CopulaGAN,24.48029792,24.82964842,0,0,0,0.588410903,0.03522500841,0.6032274881,0,0,0,0,0,0.7486572774,44.35653361,0,0,0,0.7145750546,0.04147738355,0.7352606776,0,0,0,0.07820754173,0.02596689129,0.1119566267,0,0,0,0.8112754159,0.03002570568,0.7991360935,0,0,0,0.7495855996,0.04343005313,0.7665565546
libras,CTABGAN,19.92280848,20.18994147,0,0,0,0.588410903,0.03405711843,0.6112231865,0.000462962963,0.01203703704,0,0,0,0.8494329597,13.35478679,0,0,0,0.7145750546,0.03836465184,0.7028551202,0,0,0,0.07820754173,0.0229518218,0.1603672272,0,0,0,0.8112754159,0.03703003807,0.8031886583,0,0,0,0.7495855996,0.03788196202,0.7784817405
libras,stasy,32.48744964,33.16707695,0,0,0,0.588410903,0.06260940726,0.6141795148,0.0002314814815,0,0,0,0,0.6883258607,210.4321938,0,0,0,0.7145750546,0.09630230766,0.7205825779,0,0,0,0.07820754173,0.03273591897,0.1773330245,0,0,0,0.8112754159,0.05290092491,0.8072234186,0,0,0,0.7495855996,0.0684984775,0.7515790382
libras,TabDDPM,38.22314343,38.83481266,0,0,0,0.588410903,0.03922016291,0.6391370238,0,0,0,0,0,0.8722165364,228.6254006,0,0,0,0.7145750546,0.03702861021,0.7065860001,0,0,0,0.07820754173,0.05029190097,0.2873035588,0,0,0,0.8112754159,0.05284177823,0.8159283285,0,0,0,0.7495855996,0.01671836221,0.7467302081
planning_relax,oracle,0,1.444708645,0,0,0,0.4314188016,0.4314188016,0.4359068347,1,1,0,0,0,0.8337188052,4.94E-05,0,0,0,0.3994260604,0.3994260604,0.3994260604,0,0,0,0.3970594979,0.3970594979,0.4018482647,0,0,0,0.448442713,0.448442713,0.4487585438,0,0,0,0.4807469349,0.4807469349,0.49359447
planning_relax,CTGAN,2.496536909,2.687920456,0,0,0,0.4314188016,0.4203285844,0.4715557737,0.04413793103,0.3045045045,0,0,0,0.4771097612,11.57250468,0,0,0,0.3994260604,0.3831416877,0.4470085698,0,0,0,0.3970594979,0.4490669963,0.4788616774,0,0,0,0.448442713,0.4033050606,0.4619181611,0,0,0,0.4807469349,0.445800593,0.4984346865
planning_relax,GaussianCopula,3.08805199,3.274192349,0,0,0,0.4314188016,0.4897153274,0.460246971,0.005977011494,0.04504504505,0,0,0,1,2.356336355,0,0,0,0.3994260604,0.471897121,0.4514138583,0,0,0,0.3970594979,0.4940588106,0.4647392587,0,0,0,0.448442713,0.4812021736,0.4460930588,0,0,0,0.4807469349,0.5117032044,0.4787417081
planning_relax,TVAE,1.550682724,1.775926345,0,0,0,0.4314188016,0.08287665886,0.4409218466,0.4409195402,0.7495495495,0,0,0,0.430268171,7.752757947,0,0,0,0.3994260604,0.08517130714,0.4120669056,0,0,0,0.3970594979,0.08125596322,0.452158798,0,0,0,0.448442713,0.08253968254,0.4392690031,0,0,0,0.4807469349,0.08253968254,0.4601926796
planning_relax,CopulaGAN,3.659474725,3.822474513,0,0,0,0.4314188016,0.4879163141,0.4550476106,0.0004597701149,0.009009009009,0,0,0,1,14.25908216,0,0,0,0.3994260604,0.518296937,0.4180662229,0,0,0,0.3970594979,0.4517766916,0.4785696513,0,0,0,0.448442713,0.4922828559,0.4461750199,0,0,0,0.4807469349,0.4893087719,0.4773795483
planning_relax,CTABGAN,1.428355856,1.633975412,0,0,0,0.4314188016,0.472090097,0.4839551921,0.6156321839,0.9621621622,0,0,0,0.4225116177,5.221216917,0,0,0,0.3994260604,0.5019468187,0.4624843242,0,0,0,0.3970594979,0.4463779513,0.5050306682,0,0,0,0.448442713,0.4603298565,0.4719811556,0,0,0,0.4807469349,0.4797057615,0.4963246202
planning_relax,stasy,1.354277546,1.645796398,0,0,0,0.4314188016,0.486307078,0.4789600553,0.7489655172,0.990990991,0,0,0,0.3731008652,181.2399909,0,0,0,0.3994260604,0.4709833034,0.4284880105,0,0,0,0.3970594979,0.4965612594,0.5039712926,0,0,0,0.448442713,0.4843549589,0.5024176829,0,0,0,0.4807469349,0.4933287901,0.4809632354
planning_relax,TabDDPM,0.6823681041,1.568414057,0,0,0,0.4314188016,0.476630854,0.4590325665,0.9356321839,0.9873873874,0,0,0,0.2588811321,222.3174736,0,0,0,0.3994260604,0.4680852994,0.4317452013,0,0,0,0.3970594979,0.4892607299,0.455041393,0,0,0,0.448442713,0.461714869,0.4618063049,0,0,0,0.4807469349,0.4874625176,0.4875373667
blood_transfusion,oracle,0,0.1085047644,0,0,0,0.5975314873,0.5975314873,0.5982641173,0.8333333333,0.9555555556,0,0,0,0.8325846083,7.07E-05,0,0,0,0.5587315331,0.5587315331,0.5587315331,0,0,0,0.6518887858,0.6518887858,0.6518887858,0,0,0,0.590736905,0.590736905,0.5807340258,0,0,0,0.5887687251,0.5887687251,0.6017021246
blood_transfusion,CTGAN,0.6853913889,0.694587962,0,0,0,0.5975314873,0.3826202984,0.591641582,0.4926421405,0.7368888889,0,0,0,0.4616326209,13.0247763,0,0,0,0.5587315331,0.3393917271,0.5775469226,0,0,0,0.6518887858,0.3588114558,0.5905754743,0,0,0,0.590736905,0.4033759182,0.5958392688,0,0,0,0.5887687251,0.4289020924,0.6026046625
blood_transfusion,GaussianCopula,0.2324578093,0.2626633375,0,0,0,0.5975314873,0.5220011568,0.5706449625,7.88E-01,0.8955555556,0,0,0,0.4324795344,0.7444482644,0,0,0,0.5587315331,0.4842113989,0.5092754907,0,0,0,0.6518887858,0.5263566329,0.5763414971,0,0,0,0.590736905,0.533819065,0.5875026023,0,0,0,0.5887687251,0.5436175304,0.6094602599
blood_transfusion,TVAE,0.3333353236,0.341202379,0,0,0,0.5975314873,0.4905499474,0.5661075368,0.6935340022,0.9102222222,0,0,0,0.456265719,6.685076078,0,0,0,0.5587315331,0.5288910797,0.5272886677,0,0,0,0.6518887858,0.4869942764,0.5425893813,0,0,0,0.590736905,0.4690655564,0.5861484598,0,0,0,0.5887687251,0.477248877,0.6084036384
blood_transfusion,CopulaGAN,0.7573823,0.7557996963,0,0,0,0.5975314873,0.2711154358,0.5999031336,4.56E-01,0.6782222222,0,0,0,0.4665140818,9.065921466,0,0,0,0.5587315331,0.1969753386,0.5841029431,0,0,0,0.6518887858,0.2556671794,0.6162505438,0,0,0,0.590736905,0.2899008231,0.5939528892,0,0,0,0.5887687251,0.3419184021,0.6053061584
blood_transfusion,CTABGAN,0.3253991081,0.3415431461,0,0,0,0.5975314873,0.493475791,0.5540934268,0.6208472687,0.8613333333,0,0,0,0.4529861955,7.580958525,0,0,0,0.5587315331,0.4657322202,0.5057438699,0,0,0,0.6518887858,0.5022359017,0.5139892179,0,0,0,0.590736905,0.5017180025,0.58782514,0,0,0,0.5887687251,0.5042170394,0.6088154795
blood_transfusion,stasy,0.3207359909,0.3298312274,0,0,0,0.5975314873,0.5773117258,0.6184077024,0.8056856187,9.55E-01,0,0,0,0.4416698231,253.5076954,0,0,0,0.5587315331,0.5791922068,0.6066250997,0,0,0,0.6518887858,0.591697189,0.6478635913,0,0,0,0.590736905,0.57112572,0.6043403091,0,0,0,0.5887687251,0.5672317874,0.6148018095
blood_transfusion,TabDDPM,0.07257962339,0.1318211371,0,0,0,0.5975314873,0.5855071222,0.5968662649,0.8322185061,9.54E-01,0,0,0,0.3641603773,226.7975281,0,0,0,0.5587315331,0.5557439272,0.5586736284,0,0,0,0.6518887858,0.5954957883,0.6303193495,0,0,0,0.590736905,0.5969663474,0.5894409348,0,0,0,0.5887687251,0.593822426,0.6090311471
breast_cancer_diagnostic,oracle,0,1.852712409,0,0,0,0.9613779549,0.9613779549,0.9577591415,1,9.68E-01,0,0,0,0.8322095112,0.0001250108083,0,0,0,0.9653953526,0.9653953526,0.9592667953,0,0,0,0.9557957103,0.9557957103,0.9557957103,0,0,0,0.9559334667,0.9559334667,0.9567845586,0,0,0,0.9683872901,0.9683872901,0.9591895019
breast_cancer_diagnostic,CTGAN,4.479165736,4.59866642,0,0,0,0.9613779549,0.6402517888,0.936494561,0,1.75E-03,0,0,0,0.5263112155,19.31764309,0,0,0,0.9653953526,0.5227997381,0.8807425102,0,0,0,0.9557957103,0.6707981343,0.9470222406,0,0,0,0.9559334667,0.6718628377,0.9593619833,0,0,0,0.9683872901,0.695546445,0.9588515099
breast_cancer_diagnostic,GaussianCopula,2.59936594,2.850021479,0,0,0,0.9613779549,0.8762820317,0.9515144661,0.03794871795,1.51E-01,0,0,0,0.7671679325,6.444821994,0,0,0,0.9653953526,0.8950879069,0.9505819933,0,0,0,0.9557957103,0.8421499432,0.9400730031,0,0,0,0.9559334667,0.9142971728,0.9582638034,0,0,0,0.9683872901,0.8535931039,0.9571390648
breast_cancer_diagnostic,TVAE,2.346345346,2.47202991,0,0,0,0.9613779549,0.9142839244,0.952314243,0.04205128205,3.04E-01,0,0,0,0.4473164613,13.91110078,0,0,0,0.9653953526,0.8885714223,0.9379784241,0,0,0,0.9557957103,0.9209718653,0.9546186734,0,0,0,0.9559334667,0.9326205212,0.9555093644,0,0,0,0.9683872901,0.9149718887,0.9611505099
breast_cancer_diagnostic,CopulaGAN,5.861767869,5.988088206,0,0,0,0.9613779549,0.467131615,0.917702854,0,0.00E+00,0,0,0,0.8370130913,27.68371534,0,0,0,0.9653953526,0.4426159339,0.8205170711,0,0,0,0.9557957103,0.4890375122,0.9404567459,0,0,0,0.9559334667,0.452336314,0.9555086557,0,0,0,0.9683872901,0.4845367,0.9543289431
breast_cancer_diagnostic,CTABGAN,2.330454045,2.487145542,0,0,0,0.9613779549,0.7658582273,0.9541405422,0.07619047619,3.20E-01,0,0,0,0.4836203073,7.824323813,0,0,0,0.9653953526,0.6293393816,0.9517657757,0,0,0,0.9557957103,0.7541044162,0.9473814332,0,0,0,0.9559334667,0.8678612448,0.955508691,0,0,0,0.9683872901,0.8121278667,0.9619062691
breast_cancer_diagnostic,stasy,2.493659749,2.709640127,0,0,0,0.9613779549,0.9107754585,0.9484161784,0.2852747253,6.11E-01,0,0,0,0.4331185307,232.657891,0,0,0,0.9653953526,0.9147718595,0.9444608993,0,0,0,0.9557957103,0.8934954968,0.9432405243,0,0,0,0.9559334667,0.9201458553,0.9565888769,0,0,0,0.9683872901,0.9146886222,0.9493744131
breast_cancer_diagnostic,TabDDPM,3.023788815,3.437691512,0,0,0,0.9613779549,0.9431196551,0.9545407754,0.9230769231,9.53E-01,0,0,0,0.3302954677,227.0896171,0,0,0,0.9653953526,0.9178919592,0.9415212839,0,0,0,0.9557957103,0.9491316427,0.9590512047,0,0,0,0.9559334667,0.9526912921,0.9584867933,0,0,0,0.9683872901,0.9527637266,0.9591038197
connectionist_bench_vowel,oracle,0,0.6725393433,0,0,0,0.6504474126,0.6504474126,0.6570866305,1,9.66E-01,0,0,0,0.8325814474,0.0001211166382,0,0,0,0.6731765241,0.6731765241,0.6716818249,0,0,0,0.0767009015,0.0767009015,0.08452379347,0,0,0,0.9569156874,0.9569156874,0.9670677275,0,0,0,0.8949965374,0.8949965374,0.9050731759
connectionist_bench_vowel,CTGAN,1.723063272,1.787667001,0,0,0,0.6504474126,0.06542424987,0.6545907166,0.003535353535,1.36E-01,0,0,0,0.4661353564,14.33543007,0,0,0,0.6731765241,0.05494394032,0.3788559953,0,0,0,0.0767009015,0.0813451412,0.363149583,0,0,0,0.9569156874,0.0546368112,0.9619903115,0,0,0,0.8949965374,0.07077110674,0.9143669768
connectionist_bench_vowel,GaussianCopula,1.5707755,1.650214504,0,0,0,0.6504474126,0.07998174856,0.6486844662,0.0004208754209,6.60E-02,0,0,0,0.8412442369,2.607874076,0,0,0,0.6731765241,0.05589961071,0.4033499404,0,0,0,0.0767009015,0.08026166524,0.3030486795,0,0,0,0.9569156874,0.09281425217,0.9628770122,0,0,0,0.8949965374,0.09095146611,0.9254622327
connectionist_bench_vowel,TVAE,1.02562382,1.122677213,0,0,0,0.6504474126,0.3747800709,0.690140898,0.04696969697,6.02E-01,0,0,0,0.4156571097,12.6876572,0,0,0,0.6731765241,0.4593688079,0.6070123055,0,0,0,0.0767009015,0.1896879181,0.3053074257,0,0,0,0.9569156874,0.4262006982,0.944579017,0,0,0,0.8949965374,0.4238628595,0.9036648437
connectionist_bench_vowel,CopulaGAN,2.035114116,2.116224698,0,0,0,0.6504474126,0.06022535176,0.6485625979,0,2.66E-02,0,0,0,0.8162864971,14.53266199,0,0,0,0.6731765241,0.04911795964,0.3801146438,0,0,0,0.0767009015,0.07051504514,0.3314619134,0,0,0,0.9569156874,0.05139156263,0.9593335353,0,0,0,0.8949965374,0.06987683962,0.923340299
connectionist_bench_vowel,CTABGAN,1.360239322,1.42427938,0,0,0,0.6504474126,0.0825783549,0.6562135075,0.01574074074,2.66E-01,0,0,0,0.4778048867,7.108395497,0,0,0,0.6731765241,0.08210751712,0.4561524099,0,0,0,0.0767009015,0.07604390119,0.2978704586,0,0,0,0.9569156874,0.08611875578,0.9633598094,0,0,0,0.8949965374,0.08604324551,0.9074713521
connectionist_bench_vowel,stasy,1.065265771,1.1587457,0,0,0,0.6504474126,0.3878015865,0.6870030929,0.06144781145,6.16E-01,0,0,0,0.4248811842,288.9447525,0,0,0,0.6731765241,0.4137483449,0.5917754988,0,0,0,0.0767009015,0.2160665202,0.3158200154,0,0,0,0.9569156874,0.4488090803,0.9354016506,0,0,0,0.8949965374,0.4725824006,0.9050152069
connectionist_bench_vowel,TabDDPM,0.326641132,0.7118882695,0,0,0,0.6504474126,0.636812943,0.6655399859,0.9324915825,9.38E-01,0,0,0,0.2955973212,228.7227272,0,0,0,0.6731765241,0.6543895154,0.6627089598,0,0,0,0.0767009015,0.136766912,0.1242604637,0,0,0,0.9569156874,0.9058973392,0.9617414923,0,0,0,0.8949965374,0.8501980053,0.9134490277
concrete_slump,oracle,0,1.100286331,0.8254924131,0.8254924131,0.831996925,0,0,0,1,9.05E-01,1.19E-15,1,39.54023043,0.8348405195,5.07E-05,0.8461201115,0.8461201115,0.8461201115,0,0,0,0.8023021994,0.8023021994,0.8047058459,0,0,0,0.8057604675,0.8057604675,0.8293527123,0,0,0,0.8477868741,0.8477868741,0.8478090302,0,0,0
concrete_slump,CTGAN,1.557578061,1.826863297,0.8254924131,-1.142177285,0.4412195936,0,0,0,0.1089430894,5.78E-01,126.5057332,0.2666666667,9.436309519,0.4464178956,6.533567508,0.8461201115,-1.176921749,0.272095784,0,0,0,0.8023021994,-1.087047986,0.2848287683,0,0,0,0.8057604675,-0.8710239639,0.6241022306,0,0,0,0.8477868741,-1.433715442,0.5838515915,0,0,0
concrete_slump,GaussianCopula,1.216570724,1.518046616,0.8254924131,0.4330551886,0.7813326532,0,0,0,0.2382113821,6.29E-01,68.04517851,0.3333333333,4.951254978,0.5732405108,0.9355256557,0.8461201115,0.7096094809,0.8060545751,0,0,0,0.8023021994,0.3793345799,0.7226007347,0,0,0,0.8057604675,0.3929104474,0.8049472528,0,0,0,0.8477868741,0.2503662464,0.7917280504,0,0,0
concrete_slump,TVAE,1.081031424,1.383891364,0.8254924131,0.0823395603,0.6718797091,0,0,0,0.3731707317,7.52E-01,134.7606393,0.2833333333,8.471489676,0.4178218907,4.235727151,0.8461201115,0.1221785844,0.6327888868,0,0,0,0.8023021994,0.1355873097,0.6323158548,0,0,0,0.8057604675,0.1273120381,0.7286499305,0,0,0,0.8477868741,-0.05571969094,0.6937641641,0,0,0
concrete_slump,CopulaGAN,1.662339345,1.806499772,0.8254924131,-1.104141156,0.1926541487,0,0,0,0.08292682927,0.5142857143,93.21196367,0.1916666667,7.07994607,0.5761056996,7.557188511,0.8461201115,-1.037689479,-0.1840103933,0,0,0,0.8023021994,-1.066026948,0.1897447531,0,0,0,0.8057604675,-0.9647966227,0.4715037887,0,0,0,0.8477868741,-1.348051575,0.2933784463,0,0,0
concrete_slump,CTABGAN,1.337116576,1.57346003,0.8254924131,0.1166108059,0.7908158961,0,0,0,0.1829268293,0.546031746,78.66296806,0.7083333333,14.07871531,0.4824219353,3.204561631,0.8461201115,0.3119248752,0.8315465104,0,0,0,0.8023021994,0.06110595675,0.759749088,0,0,0,0.8057604675,0.07070064308,0.7851354445,0,0,0,0.8477868741,0.02271174869,0.7868325414,0,0,0
concrete_slump,stasy,1.117371997,1.508955644,0.8254924131,0.4680923666,0.828141897,0,0,0,0.5032520325,0.7714285714,70.05624494,0.5,16.41226536,0.4236569006,168.0351642,0.8461201115,0.7904434583,0.8419838226,0,0,0,0.8023021994,0.3523652892,0.7850633352,0,0,0,0.8057604675,0.3499135735,0.8321330017,0,0,0,0.8477868741,0.3796471455,0.8533874285,0,0,0
concrete_slump,TabDDPM,0.4417011925,1.149430101,0.8254924131,0.7015728784,0.8185253059,0,0,0,0.9227642276,0.8825396825,42.92346916,0.8333333333,38.42779988,0.2837613397,210.0595121,0.8461201115,0.8406890103,0.8480618658,0,0,0,0.8023021994,0.70539226,0.810093107,0,0,0,0.8057604675,0.6865165219,0.8065790009,0,0,0,0.8477868741,0.5736937213,0.80936725,0,0,0
wine_quality_red,oracle,0,0.5043086342,0.3475731869,0.3475731869,0.3473537676,0,0,0,0.9958300756,0.98125,8.96E-16,1,11.17769726,0.8333048593,0.0001222292582,0.3220754354,0.3220754354,0.3220754354,0,0,0,0.3179794107,0.3179794107,0.3148957201,0,0,0,0.4248786184,0.4248786184,0.4234060126,0,0,0,0.3253592829,0.3253592829,0.3290379022,0,0,0
wine_quality_red,CTGAN,1.045652452,1.093466474,0.3475731869,-0.2638845582,0.2912376169,0,0,0,0.1004430545,0.2772916667,114.0247225,0.296969697,5.297512483,0.4683202738,19.99849065,0.3220754354,-0.2004816015,0.2027358185,0,0,0,0.3179794107,-0.2013408192,0.2006332325,0,0,0,0.4248786184,-0.2082440907,0.4197050397,0,0,0,0.3253592829,-0.4454717215,0.3418763769,0,0,0
wine_quality_red,GaussianCopula,0.6096294585,0.6741487665,0.3475731869,0.2189525036,0.3501289316,0,0,0,0.4529580401,0.7872916667,139.5175869,0.6484848485,11.76782674,4.36E-01,1.817972978,0.3220754354,0.3057357273,0.3203725295,0,0,0,0.3179794107,0.2678524596,0.2975442029,0,0,0,0.4248786184,0.242576715,0.438482736,0,0,0,0.3253592829,0.05964511257,0.3441162579,0,0,0
wine_quality_red,TVAE,0.5324111001,0.586196738,0.3475731869,0.236952262,0.3607190586,0,0,0,0.5993223873,0.9,255.9320919,0.2181818182,7.329004779,0.4503965154,18.47706254,0.3220754354,0.266012777,0.3165351057,0,0,0,0.3179794107,0.1925777757,0.3157085289,0,0,0,0.4248786184,0.2719329342,0.4374260685,0,0,0,0.3253592829,0.2172855613,0.3732065312,0,0,0
wine_quality_red,CopulaGAN,1.022787339,1.078572719,0.3475731869,-0.1683359413,0.2961959302,0,0,0,0.1147250456,0.3070833333,87.9435853,0.3575757576,6.875309437,0.4671912317,18.11267336,0.3220754354,-0.08677596954,0.2244908068,0,0,0,0.3179794107,-0.1387517055,0.2132393294,0,0,0,0.4248786184,-0.09974032207,0.4262841185,0,0,0,0.3253592829,-0.348075768,0.3207694659,0,0,0
wine_quality_red,CTABGAN,0.6709397585,0.7144768321,0.3475731869,-0.0615968742,0.3241604935,0,0,0,0.331144123,0.645625,323.4915747,0.4,15.21999834,0.4617081304,14.16522376,0.3220754354,0.1044537695,0.3019319053,0,0,0,0.3179794107,0.1311648842,0.2553773964,0,0,0,0.4248786184,0.07426828498,0.4311393942,0,0,0,0.3253592829,-0.5562744355,0.308193278,0,0,0
wine_quality_red,stasy,0.632518672,0.7015196073,0.3475731869,-0.9816048824,0.2560274753,0,0,0,0.4176179307,0.6083333333,131.5170944,0.2121212121,4.987921895,0.47852691,489.5308285,0.3220754354,-0.7162080866,0.1076295628,0,0,0,0.3179794107,-1.660328809,0.2517662007,0,0,0,0.4248786184,-0.764034404,0.3393814199,0,0,0,0.3253592829,-0.7858482299,0.3253327179,0,0,0
wine_quality_red,TabDDPM,0.2965149362,0.5304350529,0.3475731869,0.272705583,0.3394418391,0,0,0,0.9670575971,0.9758333333,66.62694891,0.8303030303,11.4086151,0.4027127314,221.8188831,0.3220754354,0.3028322038,0.3158170627,0,0,0,0.3179794107,0.2366109706,0.298058968,0,0,0,0.4248786184,0.326357479,0.418085269,0,0,0,0.3253592829,0.2250216785,0.3258060567,0,0,0
wine_quality_white,oracle,0,0.4338781008,0.3677915875,0.3677915875,0.368465015,0,0,0,0.9856219159,0.9911564626,1.79E-15,1,16.008584,0.8335195898,0.0002602736155,0.2622624323,0.2622624323,0.2622624323,0,0,0,0.2939442049,0.2939442049,0.2897134971,0,0,0,0.4878961919,0.4878961919,0.4948203048,0,0,0,0.4270635209,0.4270635209,0.427063826,0,0,0
wine_quality_white,CTGAN,0.7827109395,0.81140201,0.3677915875,-0.1385613354,0.29979855,0,0,0,0.2115024672,0.4704761905,124.9752351,0.2666666667,3.202193107,0.4574403885,60.47350184,0.2622624323,-0.07041539586,0.1806754615,0,0,0,0.2939442049,-0.08951017359,0.1577429784,0,0,0,0.4878961919,-0.09191899115,0.4673008135,0,0,0,0.4270635209,-0.3024007811,0.3934749467,0,0,0
wine_quality_white,GaussianCopula,1.036757156,1.067743223,0.3677915875,0.1918316183,0.3558958354,0,0,0,0.01327207759,0.03102040816,100,0,0,0.9416539015,7.564043125,0.2622624323,0.2538332038,0.2638941354,0,0,0,0.2939442049,0.2076925368,0.2727589118,0,0,0,0.4878961919,0.2182905592,0.4795669711,0,0,0,0.4270635209,0.08751017329,0.4073633231,0,0,0
wine_quality_white,TVAE,0.502163623,0.5388171549,0.3677915875,0.2137398783,0.3640833513,0,0,0,0.5854347456,0.8353061224,411.7458087,0.1611111111,5.885238961,0.4550060464,49.57989057,0.2622624323,0.2240976511,0.2634794399,0,0,0,0.2939442049,0.2145239363,0.2870330012,0,0,0,0.4878961919,0.2466976639,0.4759243343,0,0,0,0.4270635209,0.169640262,0.4298966297,0,0,0
wine_quality_white,CopulaGAN,1.198385566,1.221433064,0.3677915875,-0.07642200068,0.3258365275,0,0,0,0.009137314957,0.02136054422,100,0,0,0.9499882979,66.53089221,0.2622624323,-0.004006140009,0.2004036235,0,0,0,0.2939442049,-0.0009891025616,0.2151328337,0,0,0,0.4878961919,-0.04225213177,0.4879683923,0,0,0,0.4270635209,-0.2584406284,0.3998412605,0,0,0
wine_quality_white,CTABGAN,0.5219506395,0.5698269239,0.3677915875,0.1602561694,0.3486057271,0,0,0,0.5329419772,0.8121768707,745.6464341,0.1666666667,7.672311755,0.4439519272,49.8090895,0.2622624323,0.1931543797,0.2573167401,0,0,0,0.2939442049,0.1896780111,0.2513005505,0,0,0,0.4878961919,0.2351264222,0.4802971177,0,0,0,0.4270635209,0.02306586461,0.4055085001,0,0,0
wine_quality_white,stasy,0.5536405435,0.6048401759,0.3677915875,-0.01974688724,0.3504297078,0,0,0,0.6244852816,0.8305442177,144.0672487,0.2888888889,9.220191206,0.4509941776,1150.972683,0.2622624323,0.1269240338,0.2269733315,0,0,0,0.2939442049,-0.4660452726,0.2708615929,0,0,0,0.4878961919,0.162083565,0.4784399778,0,0,0,0.4270635209,0.09805012486,0.4254439291,0,0,0
wine_quality_white,TabDDPM,0.3204697199,0.4526509802,0.3677915875,0.2733585159,0.3625939394,0,0,0,0.9635188021,0.9851020408,189.4287774,0.5055555556,14.46195473,0.4064715185,229.2158719,0.2622624323,0.2355588954,0.2499616361,0,0,0,0.2939442049,0.2498486267,0.2870144406,0,0,0,0.4878961919,0.3504377149,0.4882482134,0,0,0,0.4270635209,0.2575888267,0.4251514676,0,0,0
tictactoe,oracle,0,2.033511155,0,0,0,0.8996244339,0.8996244339,0.9049324101,1,0.1440972222,0,0,0,8.34E-01,6.53E-05,0,0,0,0.9787439883,0.9787439883,0.9787439883,0,0,0,0.7195647636,0.7195647636,0.7195647636,0,0,0,0.9097889033,0.9097889033,0.9386755051,0,0,0,0.9904000804,0.9904000804,0.9827453833
tictactoe,CTGAN,1.870982543,2.288326486,0,0,0,0.8996244339,0.4346231148,0.6667856368,0.4391644909,0.5177083333,0,0,0,0.3746825767,12.59432125,0,0,0,0.9787439883,0.4089200502,0.5801891,0,0,0,0.7195647636,0.4076566013,0.5758268922,0,0,0,0.9097889033,0.446220703,0.7171241099,0,0,0,0.9904000804,0.4756951047,0.7940024451
tictactoe,GaussianCopula,1.860528279,2.314778855,0,0,0,0.8996244339,0.5218294073,0.7143697751,0.4396866841,0.5201388889,0,0,0,0.3782363199,1.20332106,0,0,0,0.9787439883,0.5275871395,0.6486990458,0,0,0,0.7195647636,0.528935504,0.6442628607,0,0,0,0.9097889033,0.5207755971,0.7661523782,0,0,0,0.9904000804,0.5100193886,0.7983648156
tictactoe,TVAE,1.520103231,2.032932202,0,0,0,0.8996244339,0.612488601,0.7333991443,0.6250652742,0.596875,0,0,0,0.4254417234,5.739150206,0,0,0,0.9787439883,0.6103164357,0.6704753153,0,0,0,0.7195647636,0.6135488568,0.6472168012,0,0,0,0.9097889033,0.6225722355,0.7792323332,0,0,0,0.9904000804,0.6035168759,0.8366721277
tictactoe,CopulaGAN,1.900224314,2.333428886,0,0,0,0.8996244339,0.4814944339,0.7111254015,0.4179286336,0.49375,0,0,0,0.3813592593,9.158595244,0,0,0,0.9787439883,0.4665072063,0.6376330605,0,0,0,0.7195647636,0.4673542904,0.6346966457,0,0,0,0.9097889033,0.489581123,0.7628082947,0,0,0,0.9904000804,0.5025351158,0.8093636049
tictactoe,CTABGAN,1.921948695,2.348179622,0,0,0,0.8996244339,0.4813146359,0.7073796062,0.4203655352,0.4958333333,0,0,0,0.3906896902,7.734677792,0,0,0,0.9787439883,0.45176074,0.6285179458,0,0,0,0.7195647636,0.4528763475,0.624823534,0,0,0,0.9097889033,0.4978741577,0.765219744,0,0,0,0.9904000804,0.5227472986,0.8109572012
tictactoe,stasy,1.725945255,2.184287147,0,0,0,0.8996244339,0.6015217521,0.7535627006,0.5492602263,0.5836805556,0,0,0,0.3927864334,281.2448065,0,0,0,0.9787439883,0.6272791811,0.7130215956,0,0,0,0.7195647636,0.6226165963,0.6819901203,0,0,0,0.9097889033,0.5813992274,0.787434225,0,0,0,0.9904000804,0.5747920037,0.8318048614
tictactoe,TabDDPM,0.8015184315,2.007685789,0,0,0,0.8996244339,0.8784521769,0.9018671503,0.6208006963,0.2274305556,0,0,0,0.2964785502,503.0394889,0,0,0,0.9787439883,0.9704062495,0.976834731,0,0,0,0.7195647636,0.7129524574,0.721679678,0,0,0,0.9097889033,0.8715676197,0.925890903,0,0,0,0.9904000804,0.9588823808,0.9830632893
congress,oracle,0,2.399776232,0,0,0,0.9466191907,0.9466191907,0.9468858772,0.9932950192,0.9310344828,0,0,0,0.8322266662,8.66E-05,0,0,0,0.9278383913,0.9278383913,0.9278383913,0,0,0,0.95171629,0.95171629,0.95171629,0,0,0,0.9510797494,0.9510797494,0.9517972123,0,0,0,0.955842332,0.955842332,0.9561916151
congress,CTGAN,4.965782153,5.32526912,0,0,0,0.9466191907,0.5037103938,0.9246900236,0.225862069,0.2781609195,0,0,0,0.4309576656,11.21366175,0,0,0,0.9278383913,0.5127585674,0.9224359077,0,0,0,0.95171629,0.5098681019,0.9171462937,0,0,0,0.9510797494,0.4843444911,0.9366547481,0,0,0,0.955842332,0.5078704148,0.9225231448
congress,GaussianCopula,4.126527272,4.648399664,0,0,0,0.9466191907,0.8494535441,0.9278458067,0.3250957854,0.4245210728,0,0,0,0.41107994,1.381268978,0,0,0,0.9278383913,0.8910031865,0.9282650723,0,0,0,0.95171629,0.8906435907,0.9211846959,0,0,0,0.9510797494,0.8380266989,0.9404978754,0,0,0,0.955842332,0.7781407002,0.9214355831
congress,TVAE,2.465052389,2.672149017,0,0,0,0.9466191907,0.8756956174,0.9364657968,0.5858237548,0.7302681992,0,0,0,0.4760654915,3.363383849,0,0,0,0.9278383913,0.8428669607,0.9301486409,0,0,0,0.95171629,0.8459891786,0.9351368596,0,0,0,0.9510797494,0.9082158599,0.940326262,0,0,0,0.955842332,0.9057104702,0.9402514247
congress,CopulaGAN,4.935631349,5.434169775,0,0,0,0.9466191907,0.5445824981,0.9226660909,0.2212643678,0.2973180077,0,0,0,0.4316891858,11.11021034,0,0,0,0.9278383913,0.5731047591,0.9151273669,0,0,0,0.95171629,0.566091782,0.9105138485,0,0,0,0.9510797494,0.49131051,0.9400689293,0,0,0,0.955842332,0.5478229411,0.924954219
congress,CTABGAN,4.379473497,4.810035741,0,0,0,0.9466191907,0.5536896992,0.9311871422,0.3804597701,0.4681992337,0,0,0,0.4278434537,11.81387671,0,0,0,0.9278383913,0.5928198697,0.9319671036,0,0,0,0.95171629,0.5868423307,0.927583547,0,0,0,0.9510797494,0.502144863,0.9384555014,0,0,0,0.955842332,0.5329517336,0.9267424167
congress,stasy,3.298376849,3.763592905,0,0,0,0.9466191907,0.9218925015,0.9418451351,0.6153256705,0.7524904215,0,0,0,0.3956895962,214.2097344,0,0,0,0.9278383913,0.9247307174,0.9395276124,0,0,0,0.95171629,0.9201654412,0.9379408115,0,0,0,0.9510797494,0.9223226569,0.9465428025,0,0,0,0.955842332,0.9203511906,0.9433693139
congress,TabDDPM,1.046809754,2.385951724,0,0,0,0.9466191907,0.9464388672,0.9457963476,0.9011494253,0.8735632184,0,0,0,0.3210400677,622.3422991,0,0,0,0.9278383913,0.9479637881,0.9342648435,0,0,0,0.95171629,0.9477658183,0.9500507359,0,0,0,0.9510797494,0.9422077159,0.949365845,0,0,0,0.955842332,0.9478181464,0.9495039659
car,oracle,0,1.101833408,0,0,0,0.7444092371,0.7444092371,0.742508067,1,0.3285163776,0,0,0,0.8337711006,9.55E-05,0,0,0,0.8649293999,0.8649293999,0.8649293999,0,0,0,0.5903696489,0.5903696489,0.5903696489,0,0,0,0.6097108019,0.6097108019,0.5914898281,0,0,0,0.9126270976,0.9126270976,0.923243391
car,CTGAN,1.068124584,1.328649723,0,0,0,0.7444092371,0.2479759426,0.3487334751,0.2771828268,0.5034682081,0,0,0,0.3878910627,20.61362592,0,0,0,0.8649293999,0.2397546198,0.3339825397,0,0,0,0.5903696489,0.2386517501,0.3188460374,0,0,0,0.6097108019,0.2610148974,0.3258731568,0,0,0,0.9126270976,0.2524825031,0.4162321664
car,GaussianCopula,0.8461682816,1.232346461,0,0,0,0.7444092371,0.2821242995,0.3979925454,0.3178485287,0.5512524085,0,0,0,0.3339517928,0.9749813875,0,0,0,0.8649293999,0.2754745805,0.4092265117,0,0,0,0.5903696489,0.2831011806,0.3941844775,0,0,0,0.6097108019,0.2852896931,0.3455010426,0,0,0,0.9126270976,0.2846317437,0.44305815
car,TVAE,0.7231610709,1.136609671,0,0,0,0.7444092371,0.4732101221,0.6421299781,0.411384467,0.5439306358,0,0,0,0.3696427361,9.306984107,0,0,0,0.8649293999,0.4986754768,0.697242477,0,0,0,0.5903696489,0.4613579348,0.6254237086,0,0,0,0.6097108019,0.442111633,0.5274938484,0,0,0,0.9126270976,0.4906954436,0.7183598785
car,CopulaGAN,0.9552050105,1.266562124,0,0,0,0.7444092371,0.2308911708,0.3263906989,0.3042932947,0.5221579961,0,0,0,0.3771991476,16.36655084,0,0,0,0.8649293999,0.2072918326,0.2900448125,0,0,0,0.5903696489,0.2072178366,0.2709456241,0,0,0,0.6097108019,0.2542186698,0.3194577227,0,0,0,0.9126270976,0.2548363444,0.4251146362
car,CTABGAN,0.8038774034,1.166434661,0,0,0,0.7444092371,0.3433645125,0.4054964846,0.3481427882,0.5655105973,0,0,0,0.354017358,14.43458645,0,0,0,0.8649293999,0.3412728134,0.3932922973,0,0,0,0.5903696489,0.3399354069,0.3890509097,0,0,0,0.6097108019,0.3496583228,0.3857987303,0,0,0,0.9126270976,0.3425915069,0.4538440011
car,stasy,0.9286651501,1.234789597,0,0,0,0.7444092371,0.4628482373,0.587527432,0.3867824409,0.5628131021,0,0,0,0.3790307995,503.1258924,0,0,0,0.8649293999,0.4648185961,0.6653337544,0,0,0,0.5903696489,0.4783039851,0.5754045278,0,0,0,0.6097108019,0.438517355,0.4845102151,0,0,0,0.9126270976,0.4697530132,0.6248612307
car,TabDDPM,0.7925778007,1.18291791,0,0,0,0.7444092371,0.2311963059,0.3064128826,0.341775205,0.5475915222,0,0,0,0.3388868642,461.3481055,0,0,0,0.8649293999,0.2057823129,0.2661854393,0,0,0,0.5903696489,0.2057823129,0.2369155645,0,0,0,0.6097108019,0.2527893826,0.3041100302,0,0,0,0.9126270976,0.260431215,0.4184404964
california,oracle,0,0,0.6559524382,0.6559524382,0.6605956374,0,0,0,1,0.9628552972,9.59E-16,1,0.3477156137,0.8334454317,0.001338561376,0.5974351433,0.5974351433,0.5974351433,0,0,0,0.3911435852,0.3911435852,0.411008101,0,0,0,0.804350173,0.804350173,0.8024105089,0,0,0,0.8308808513,0.8308808513,0.8315287965,0,0,0
california,CTGAN,0,0,0.6559524382,-0.5801193011,0.6136467585,0,0,0,0.2912346576,0.6097868217,895.7265203,0.02962962963,0.2871001652,0.4281298467,224.8376459,0.5974351433,-3.430996839,0.5368429307,0,0,0,0.3911435852,0.2895589287,0.3597984624,0,0,0,0.804350173,0.4497380611,0.7714654943,0,0,0,0.8308808513,0.3712226443,0.7864801468,0,0,0
california,GaussianCopula,0,0,0.6559524382,-0.3468662467,0.6434957154,0,0,0,0.117619509,0.3285368217,556.4386151,0.01481481481,0.1516968881,0.442320693,8.591546615,0.5974351433,-2.968624303,0.5616931645,0,0,0,0.3911435852,0.4380329632,0.4463781406,0,0,0,0.804350173,0.5798013816,0.7683043583,0,0,0,0.8308808513,0.5633249716,0.7976071981,0,0,0
california,TVAE,0,0,0.6559524382,-3.422093694,0.642433032,0,0,0,0.4553617571,0.795381137,1368.307498,0.03703703704,0.2356975048,0.4358668385,172.0176299,0.5974351433,-15.54109078,0.5772823533,0,0,0,0.3911435852,0.5257304671,0.4265090607,0,0,0,0.804350173,0.6708612781,0.7713973959,0,0,0,0.8308808513,0.6561242587,0.7945433182,0,0,0
california,CopulaGAN,0,0,0.6559524382,-0.1542155534,0.612931919,0,0,0,0.224559916,0.4901324289,293.210709,0.08888888889,0.303621858,0.4368535353,227.8800828,0.5974351433,-0.9495710013,0.5029709729,0,0,0,0.3911435852,0.06336162286,0.3834394648,0,0,0,0.804350173,0.1805127434,0.7786602154,0,0,0,0.8308808513,0.08883442155,0.7866570228,0,0,0
california,CTABGAN,0,0,0.6559524382,0.5051474192,0.6446767853,0,0,0,0.1757671189,0.4745801034,80.00517432,0.1777777778,0.2956754167,0.4529944607,192.7724761,0.5974351433,0.5389127939,0.578345785,0,0,0,0.3911435852,0.43566275,0.4023543882,0,0,0,0.804350173,0.5322227304,0.7895476261,0,0,0,0.8308808513,0.5137914024,0.8084593418,0,0,0
california,stasy,0,0,0.6559524382,0.5916552245,0.6467581699,0,0,0,0.3838460917,0.785255168,93.8061907,0.1555555556,0.331857225,0.447749729,4826.576777,0.5974351433,0.5831615197,0.5897416414,0,0,0,0.3911435852,0.3847392891,0.3610915401,0,0,0,0.804350173,0.7005593219,0.8138399999,0,0,0,0.8308808513,0.6981607675,0.8223594982,0,0,0
california,TabDDPM,0,0,0.6559524382,0.6465070626,0.6609869138,0,0,0,0.667118863,0.926873385,57.8382828,0.2814814815,0.3333082076,0.3634555269,239.9954032,0.5974351433,0.5840431416,0.5866622,0,0,0,0.3911435852,0.4318702583,0.4227780031,0,0,0,0.804350173,0.7784916324,0.8064583781,0,0,0,0.8308808513,0.7916232181,0.8280490739,0,0,0
bean,oracle,0,0,0,0,0,0.8076729461,0.8076729461,0.7960192638,1,0.9618068307,0,0,0,0.8332770088,0.0004368623098,0,0,0,0.8506566866,0.8506566866,0.8029091775,0,0,0,0.5081498776,0.5081498776,0.5081498776,0,0,0,0.9339874155,0.9339874155,0.9341339131,0,0,0,0.9378978047,0.9378978047,0.9388840869
bean,CTGAN,0,0,0,0,0,0.8076729461,0.6136804325,0.7318987297,0.0002387950037,0.004357938548,0,0,0,0.4553415729,250.1457235,0,0,0,0.8506566866,0.3622439161,0.5629221392,0,0,0,0.5081498776,0.449777225,0.4946335607,0,0,0,0.9339874155,0.8216109748,0.9334274265,0,0,0,0.9378978047,0.8210896141,0.9366117924
bean,GaussianCopula,0,0,0,0,0,0.8076729461,0.2080128503,0.7343852325,0.0005449424443,0.001199657241,0,0,0,0.7219942711,26.8399411,0,0,0,0.8506566866,0.143779262,0.61242213,0,0,0,0.5081498776,0.230442203,0.453718,0,0,0,0.9339874155,0.231683952,0.9346404772,0,0,0,0.9378978047,0.2261459841,0.9367603227
bean,TVAE,0,0,0,0,0,0.8076729461,0.6853506466,0.7565837387,0.01188464364,0.0912473987,0,0,0,0.4486997634,161.6980365,0,0,0,0.8506566866,0.5680338886,0.8173065348,0,0,0,0.5081498776,0.4328433025,0.3440433674,0,0,0,0.9339874155,0.8801930267,0.9303852824,0,0,0,0.9378978047,0.8603323684,0.9345997702
bean,CopulaGAN,0,0,0,0,0,0.8076729461,0.6809043145,0.8204340281,8.57E-05,0.0003427592117,0,0,0,0.6990590864,279.1327603,0,0,0,0.8506566866,0.3220939061,0.6792143909,0,0,0,0.5081498776,0.7184833456,0.7328088451,0,0,0,0.9339874155,0.8420860508,0.9336009447,0,0,0,0.9378978047,0.8409539555,0.9361119315
bean,CTABGAN,0,0,0,0,0,0.8076729461,0.8058834085,0.8238942148,0.06443179035,0.3038560411,0,0,0,0.4572746217,133.4045111,0,0,0,0.8506566866,0.8041850595,0.8131801365,0,0,0,0.5081498776,0.5895257403,0.6129128495,0,0,0,0.9339874155,0.9189008893,0.9340559324,0,0,0,0.9378978047,0.9109219447,0.9354279406
bean,stasy,0,0,0,0,0,0.8076729461,0.4520720926,0.7282673173,0.003539064413,0.01535071612,0,0,0,0.9165854503,3211.104899,0,0,0,0.8506566866,0.05902430902,0.4865380569,0,0,0,0.5081498776,0.4440870528,0.5553888809,0,0,0,0.9339874155,0.6496754197,0.9340128843,0,0,0,0.9378978047,0.6555015888,0.9371294471
bean,TabDDPM,0,0,0,0,0,0.8076729461,0.7937335918,0.8017871592,0.750361254,0.9585995838,0,0,0,0.3372261349,255.2021008,0,0,0,0.8506566866,0.8084946776,0.8129034455,0,0,0,0.5081498776,0.4965443519,0.519316477,0,0,0,0.9339874155,0.9338746706,0.9359733678,0,0,0,0.9378978047,0.9360206673,0.9389553463
