dataset,missingness,method,MinMAE,AvgMAE,PercentBias,CoverageRate,W_train,W_test,MeanVariance,MeanMAD,MedianMAD,R2_imp,F1_imp,time,R2_lin,F1_lin,R2_linboost,F1_linboost,R2_tree,F1_tree,R2_treeboost,F1_treeboost
iris,MCAR(0.2),forest_diffusion_nt51_ycond,0.04118531871,0.09685042793,0,0,0.0704249398,0.2377760533,6.32E-03,2.86E-01,0.2631815346,0,0.9663669502,1.21E+01,0,0.9754716758,0,0.9532399247,0,0.9745896728,0,0.9621665274
iris,MCAR(0.2),forest_diffusion_repaint_nt51_ycond,0.04614560975,0.09489011886,0,0,0.06854555692,0.2383996232,4.90E-03,2.58E-01,2.37E-01,0,0.9711321363,3.12E+01,0,0.9799498747,0,0.9504433321,0,0.9808409914,0,0.973294347
wine,MCAR(0.2),forest_diffusion_nt51_ycond,0.08456474269,0.1286900021,0,0,0.3478613482,1.433549978,5.99E-03,2.87E-01,2.63E-01,0,0.9437951688,76.54758334,0,0.9453502374,0,0.8557849517,0,0.9941465712,0,0.9798989149
wine,MCAR(0.2),forest_diffusion_repaint_nt51_ycond,0.08514083328,0.127183519,0,0,0.3437589799,1.430058248,5.18E-03,2.64E-01,2.42E-01,0,0.9587879857,146.9700301,0,0.9453140976,0,0.9134709326,0,0.997945679,0,0.9784212335
parkinsons,MCAR(0.2),forest_diffusion_nt51_ycond,0.05222373522,0.08434412818,0,0,0.3794638081,1.71943323,0.005256669555,0.2343266429,2.13E-01,0,0.7987704681,152.0443585,0,0.7168056146,0,0.7920876053,0,0.8334966838,0,0.8526919688
parkinsons,MCAR(0.2),forest_diffusion_repaint_nt51_ycond,0.04921373443,0.0774917376,0,0,0.3484575669,1.713306505,0.004353962475,0.2154554269,1.97E-01,0,0.7960900007,240.1886897,0,0.7221836503,0,0.8090259491,0,0.8365785306,0,0.8165718726
climate_model_crashes,MCAR(0.2),forest_diffusion_nt51_ycond,0.2022652833,0.3005065538,0,0,1.083655725,3.806076265,0.03377994307,0.7446359445,6.82E-01,0,0.7438395893,127.7329698,0,0.8485241559,0,0.7742367122,0,0.5456181493,0,0.8069793398
climate_model_crashes,MCAR(0.2),forest_diffusion_repaint_nt51_ycond,0.2093401104,0.3000293312,0,0,1.08189047,3.815143542,0.02924541013,0.6782832961,6.20E-01,0,0.7503537959,199.1212173,0,0.8520275227,0,0.7888328165,0,0.5490260425,0,0.8115288017
concrete_compression,MCAR(0.2),forest_diffusion_nt51_ycond,0.04714333736,0.1410316279,184.4693937,0.1333333333,0.2049373815,0.5493410993,2.00E-02,4.99E-01,4.37E-01,0.7451938373,0,29.43625212,0.556948017,0,0.7191069363,0,0.8614110643,0,0.8433093316,0
concrete_compression,MCAR(0.2),forest_diffusion_repaint_nt51_ycond,0.04247555389,0.1177489666,145.7735885,0.1851851852,0.1729090882,0.5350323413,1.50E-02,4.12E-01,3.60E-01,0.7518865706,0,51.90998014,0.5620533229,0,0.7290868293,0,0.8627741201,0,0.8536320101,0
yacht_hydrodynamics,MCAR(0.2),forest_diffusion_nt51_ycond,0.06899338581,0.2139398813,90.64828243,0.6857142857,0.2094791936,0.5540452173,3.95E-02,7.25E-01,6.29E-01,0.8784496042,0,1.16E+01,0.5891868429,0,0.9559951321,0,0.9904663858,0,0.9781500558,0
yacht_hydrodynamics,MCAR(0.2),forest_diffusion_repaint_nt51_ycond,0.06106825989,0.1860481634,133.0238377,0.8,0.1753078967,0.5379589054,3.19E-02,5.96E-01,5.20E-01,0.8846142743,0,2.52E+01,0.5926378148,0,0.9720042329,0,0.9904551616,0,0.9833598878,0
airfoil_self_noise,MCAR(0.2),forest_diffusion_nt51_ycond,0.06118346593,0.2103481853,13.65467898,0.5555555556,0.1155836649,0.2697528958,4.41E-02,7.27E-01,6.50E-01,0.7031274269,0,18.56426541,0.5009246503,0,0.5880474405,0,0.8615364326,0,0.8620011843,0
airfoil_self_noise,MCAR(0.2),forest_diffusion_repaint_nt51_ycond,0.0568438898,0.1951682376,8.399453067,0.8,0.1046852491,0.2656069117,4.14E-02,6.84E-01,6.09E-01,0.7124480584,0,34.17748237,0.5062740074,0,0.603994065,0,0.8687092059,0,0.8708149554,0
connectionist_bench_sonar,MCAR(0.2),forest_diffusion_nt51_ycond,0.1040511547,0.1288579748,0,0,1.55515536,8.526122198,0.005930250006,0.283161426,2.61E-01,0,0.7948874043,1068.029009,0,0.7382612586,0,0.797008437,0,0.8138917911,0,0.8303881307
connectionist_bench_sonar,MCAR(0.2),forest_diffusion_repaint_nt51_ycond,0.09993373396,0.1214416158,0,0,1.465660207,8.486584013,0.004741674855,0.2572057989,2.38E-01,0,0.7900615446,1345.262882,0,0.7000673649,0,0.7984215882,0,0.8188607324,0,0.8428964928
ionosphere,MCAR(0.2),forest_diffusion_nt51_ycond,0.09376306538,0.1327796374,0,0,0.8790073412,4.432874921,0.01362608501,0.3393387266,3.00E-01,0,0.8974592017,388.1333276,0,0.8386564539,0,0.907431109,0,0.9310337863,0,0.9127154575
ionosphere,MCAR(0.2),forest_diffusion_repaint_nt51_ycond,0.09141356443,0.1237953338,0,0,0.8191026357,4.400171725,0.009544637253,0.2758742617,2.44E-01,0,0.8967683281,540.1111596,0,0.8295210141,0,0.9088090905,0,0.9319732756,0,0.9167699321
qsar_biodegradation,MCAR(0.2),forest_diffusion_nt51_ycond,0.02649961307,0.04597967036,0,0,0.3773007969,1.464904024,4.03E-03,1.47E-01,1.25E-01,0,0.8470376558,768.0948685,0,0.8443719313,0,0.8388868006,0,0.8539027643,0,0.8509891269
qsar_biodegradation,MCAR(0.2),forest_diffusion_repaint_nt51_ycond,0.02543953815,0.04329413699,0,0,0.3554270144,1.452896128,3.57E-03,1.38E-01,1.18E-01,0,0.8466590098,978.4174353,0,0.8475716511,0,0.8318665723,0,0.8563063106,0,0.8508915053
seeds,MCAR(0.2),forest_diffusion_nt51_ycond,0.04923100143,0.09115426063,0,0,0.1312855636,0.4724316068,4.61E-03,2.44E-01,2.25E-01,0,0.8739259014,2.79E+01,0,0.9409942973,0,0.6882032425,0,0.9300768473,0,0.9364292186
seeds,MCAR(0.2),forest_diffusion_repaint_nt51_ycond,0.04816506418,0.09081328009,0,0,0.1307090992,0.4737986276,4.41E-03,2.39E-01,2.21E-01,0,0.8767645342,6.60E+01,0,0.9539457676,0,0.6875083535,0,0.924276789,0,0.9413272268
glass,MCAR(0.2),forest_diffusion_nt51_ycond,0.04956088132,0.08991231739,0,0,0.1636198649,0.6546939234,5.14E-03,2.20E-01,1.96E-01,0,0.5459466914,63.23424665,0,0.5564537979,0,0.3434422615,0,0.6675367905,0,0.6163539157
glass,MCAR(0.2),forest_diffusion_repaint_nt51_ycond,0.04716844506,0.08459672277,0,0,0.1558365711,0.6529517674,4.42E-03,2.02E-01,1.80E-01,0,0.5340355178,147.2886003,0,0.574719589,0,0.270141014,0,0.6746016838,0,0.6166797845
ecoli,MCAR(0.2),forest_diffusion_nt51_ycond,0.04077881819,0.08233559852,0,0,0.1130682321,0.4084610539,0.005661250005,0.2243488968,2.00E-01,0,0.6757424795,52.62463681,0,0.7625268238,0,0.4061539976,0,0.8114119429,0,0.7228771537
ecoli,MCAR(0.2),forest_diffusion_repaint_nt51_ycond,0.0413330358,0.08043368455,0,0,0.1118380327,0.4084406213,0.004103822311,0.2075276944,1.87E-01,0,0.6898301597,134.8698321,0,0.7745852386,0,0.408215886,0,0.8192454901,0,0.7572740244
yeast,MCAR(0.2),forest_diffusion_nt51_ycond,0.03953209839,0.07852732382,0,0,0.1140777894,0.3241350619,0.004754581296,0.2278744719,2.06E-01,0,0.49399098,116.2422531,0,0.5535854991,0,0.3308705597,0,0.5510282549,0,0.5404796062
yeast,MCAR(0.2),forest_diffusion_repaint_nt51_ycond,0.03991267602,0.0772059824,0,0,0.1128238254,0.3227389951,0.004046208173,0.2148163017,1.95E-01,0,0.4783834118,264.8534385,0,0.5451180559,0,0.3039437137,0,0.5296399008,0,0.5348319767
libras,MCAR(0.2),forest_diffusion_nt51_ycond,0.0815392923,0.100807396,0,0,1.819835535,9.354809111,4.94E-03,2.53E-01,2.33E-01,0,0.5342225502,12438.72543,0,0.6774980718,0,0.05002287743,0,0.7766680529,0,0.6327011986
libras,MCAR(0.2),forest_diffusion_repaint_nt51_ycond,0.07524752067,0.09119177536,0,0,1.646265201,9.247515134,3.74E-03,2.27E-01,2.09E-01,0,0.5357168891,14715.19082,0,0.6727522724,0,0.04703985617,0,0.7738649203,0,0.6492105077
planning_relax,MCAR(0.2),forest_diffusion_nt51_ycond,0.07883240709,0.1248401491,0,0,0.3147209934,1.441154855,5.92E-03,2.94E-01,2.72E-01,0,0.4569745907,6.01E+01,0,0.4115409948,0,0.4972365185,0,0.4414714675,0,0.4776493821
planning_relax,MCAR(0.2),forest_diffusion_repaint_nt51_ycond,0.07780347088,0.121119716,0,0,0.3053093838,1.43824568,5.25E-03,2.75E-01,2.53E-01,0,0.4640592833,1.07E+02,0,0.4099748891,0,0.5087042005,0,0.4275182746,0,0.5100397689
blood_transfusion,MCAR(0.2),forest_diffusion_nt51_ycond,0.03778566987,0.1047048786,0,0,0.0506333403,0.1166353519,1.18E-02,3.42E-01,3.12E-01,0,0.6146409028,9.873286327,0,0.569648496,0,0.6330977384,0,0.6276872982,0,0.6281300787
blood_transfusion,MCAR(0.2),forest_diffusion_repaint_nt51_ycond,0.03510693878,0.09778823346,0,0,0.04857775003,0.1161840906,9.81E-03,3.14E-01,2.85E-01,0,0.6119897724,26.15679693,0,0.5734917422,0,0.6383873818,0,0.6250470872,0,0.6110328784
breast_cancer_diagnostic,MCAR(0.2),forest_diffusion_nt51_ycond,0.04239418204,0.05937866373,0,0,0.3567452895,1.853180939,0.00173769705,0.1553241851,1.44E-01,0,0.9552731881,366.0203362,0,0.9632879646,0,0.9551520529,0,0.9547179824,0,0.9479347525
breast_cancer_diagnostic,MCAR(0.2),forest_diffusion_repaint_nt51_ycond,0.04187891025,0.05849896196,0,0,0.3514893449,1.850811897,0.001660377025,0.1530772437,1.42E-01,0,0.9548885653,510.2235578,0,0.9633427538,0,0.9521292105,0,0.9548137935,0,0.9492685032
connectionist_bench_vowel,MCAR(0.2),forest_diffusion_nt51_ycond,0.04739521838,0.09664057565,0,0,0.1932786886,0.7257380533,0.006421942616,0.2881828123,2.63E-01,0,0.6541159007,227.5114953,0,0.6600069126,0,0.1692201379,0,0.9222671231,0,0.8649694291
connectionist_bench_vowel,MCAR(0.2),forest_diffusion_repaint_nt51_ycond,0.04376831597,0.08727915538,0,0,0.1745920999,0.7181435032,0.005118274341,0.2572465983,2.35E-01,0,0.6382855742,501.6633138,0,0.648843794,0,0.1304904076,0,0.9190574084,0,0.8547506868
concrete_slump,MCAR(0.2),forest_diffusion_nt51_ycond,0.0984091395,0.2186390352,46.02084476,0.8583333333,0.3048350409,1.169787035,3.04E-02,6.60E-01,5.79E-01,0.6607120714,0,24.75733471,0.784515924,0,0.6488032684,0,0.6727402594,0,0.536788834,0
concrete_slump,MCAR(0.2),forest_diffusion_repaint_nt51_ycond,0.09283156539,0.1912833793,65.97047876,0.8,0.2674235689,1.161803659,2.27E-02,5.32E-01,4.65E-01,0.7184846177,0,39.50263882,0.769759747,0,0.7083115803,0,0.7110444775,0,0.6848226658,0
wine_quality_red,MCAR(0.2),forest_diffusion_nt51_ycond,0.04847812766,0.09479430928,4.01E+01,0.9878787879,0.1853112032,0.5304344396,6.27E-03,2.86E-01,2.61E-01,0.3087671585,0,6.11E+01,0.3166161731,0,0.2881343319,0,0.3700432772,0,0.2602748516,0
wine_quality_red,MCAR(0.2),forest_diffusion_repaint_nt51_ycond,0.04773565355,0.08990124329,3.67E+01,0.9939393939,0.1765221578,0.5266012051,5.31E-03,2.64E-01,2.42E-01,0.3066835879,0,9.35E+01,0.3147443695,0,0.2899852887,0,0.3634896213,0,0.2585150722,0
wine_quality_white,MCAR(0.2),forest_diffusion_nt51_ycond,0.04494674571,0.08820027742,153.7775129,0.3888888889,0.1891723367,0.4703082259,5.98E-03,2.80E-01,2.58E-01,0.3319177174,0,191.8134139,0.2663817648,0,0.2750345663,0,0.4239864263,0,0.3622681125,0
wine_quality_white,MCAR(0.2),forest_diffusion_repaint_nt51_ycond,0.04401123749,0.08454713701,126.1417197,0.4222222222,0.1819637296,0.4659366172,5.25E-03,2.64E-01,2.43E-01,0.3352876509,0,258.5035407,0.2668526053,0,0.2812616679,0,0.4263113919,0,0.3667249385,0
tictactoe,MCAR(0.2),forest_diffusion_nt51_ycond,0.6057293819,0.6057293819,0,0,1.09441689,2.091801451,0,0,0.00E+00,0,0.723358405,115.0959018,0,0.668728489,0,0.6438699339,0,0.7657749368,0,0.8150602603
tictactoe,MCAR(0.2),forest_diffusion_repaint_nt51_ycond,0.6057293819,0.6057293819,0,0,1.09441689,2.091801451,0,0,0.00E+00,0,0.723358405,200.2382476,0,0.668728489,0,0.6438699339,0,0.7657749368,0,0.8150602603
congress,MCAR(0.2),forest_diffusion_nt51_ycond,0.8559057103,0.5304991654,0,0,2.747792554,3.743768127,0,0,0.00E+00,0,0.9105471664,252.1388006,0,0.8061360285,0,0.9350602659,0,0.9494113502,0,0.9515810212
congress,MCAR(0.2),forest_diffusion_repaint_nt51_ycond,0.8559057103,0.5304991654,0,0,2.747792554,3.743768127,0.00E+00,0,0.00E+00,0,0.9105471664,402.7128763,0,0.8061360285,0,0.9350602659,0,0.9494113502,0,0.9515810212
car,MCAR(0.2),forest_diffusion_nt51_ycond,0.7083853225,0.7083853225,0,0,0.8499298686,1.242047895,0.00E+00,0.00E+00,0.00E+00,0,0.5636406256,148.2816865,0,0.6576825683,0,0.5593551503,0,0.4755440077,0,0.5619807761
car,MCAR(0.2),forest_diffusion_repaint_nt51_ycond,0.7083853225,0.7083853225,0,0,0.8499298686,1.242047895,0.00E+00,0.00E+00,0,0,5.64E-01,278.2306801,0,0.6576825683,0,0.5593551503,0,0.4755440077,0,0.5619807761
california,MCAR(0.2),forest_diffusion_nt51_ycond,0.03041546958,0.08190594961,4.30E+01,0.1777777778,0,0,9.89E-03,2.87E-01,0.26059338,0.6490278747,0,3.20E+02,0.5772766576,0,0.4254172331,0,0.7897718143,0,0.8036457939,0
california,MCAR(0.2),forest_diffusion_repaint_nt51_ycond,0.02914592711,0.07698132138,3.51E+01,0.2074074074,0,0,8.75E-03,2.65E-01,0.2421171726,0.6523683678,0,4.88E+02,0.5843938695,0,0.4304030306,0,0.791284648,0,0.8033919232,0
bean,MCAR(0.2),forest_diffusion_nt51_ycond,0.01535160641,0.03196376483,0,0,0,0,1.64E-03,1.20E-01,0.1104957326,0,0.7799726016,897.9782648,0,0.7803924277,0,0.471247465,0,0.9326806912,0,0.9355698224
bean,MCAR(0.2),forest_diffusion_repaint_nt51_ycond,0.01517083036,0.03150930788,0,0,0,0,1.54E-03,1.18E-01,0.1087547931,0,0.7817765223,1318.085104,0,0.7845712748,0,0.4747706931,0,0.9324778344,0,0.935286287
iris,MCAR(0.2),oracle,0,0,0,0,0,0.2395409074,4.22E-34,1.95E-16,0,0,0.9709359679,9.54E-06,0,1,0,0.9664143524,0,0.9620262778,0,0.9553032413
iris,MCAR(0.2),KNN(n_neighbors=1),0.1047882556,0.1047882556,0,0,0.07086067976,0.2526048677,4.58E-34,1.98E-16,0,0,0.9581867695,0.003249963125,0,0.9888610415,0,0.9084641484,0,0.9688109162,0,0.9666109719
california,MCAR(0.2),oracle,0,0,9.59E-16,1,0,0,1.91E-34,7.45E-17,0,0.6559524382,0,5.80E-06,0.5974351433,0,0.3911435852,0,0.804350173,0,0.8308808513,0
california,MCAR(0.2),KNN(n_neighbors=1),0.08212890683,0.08212890679,176.5973677,0.2592592593,0,0,2.15E-34,7.57E-17,0,0.5761754459,0,6.965545177,0.3102293359,0,0.412880765,0,0.7799390742,0,0.8016526086,0
iris,MCAR(0.2),MissForest,0.06070641182,0.07161124561,0,0,0.05014351502,0.2409251566,2.76E-04,4.20E-02,0.03781326102,0,0.9473322779,15.25505106,0,0.977722083,0,0.9360756074,0,0.9521092293,0,0.9234221918
iris,MCAR(0.2),miceforest,0.04502877485,0.08229963024,0,0,0.0563790933,0.2416025665,2.54E-03,1.67E-01,0.1474704085,0,9.45E-01,6.876027584,0,0.9664818612,0,0.9141658084,0,0.9566120689,0,0.9418251015
california,MCAR(0.2),MissForest,0.03158127218,0.03880112738,2.33E+01,0.5407407407,0,0,2.54E-04,2.81E-02,0.02521792521,0.6484074926,0,3.36E+02,0.5950078572,0,0.4097851159,0,0.7772788516,0,0.8115581456,0
california,MCAR(0.2),miceforest,0.02139101077,0.05597088435,2.57E+01,0.5037037037,0,0,5.60E-03,1.79E-01,0.1630021946,0.65356993,0,6.90E+01,0.5931376291,0,0.4258272738,0,0.7884382018,0,0.8068766155,0
iris,MCAR(0.2),ice,0.04764477331,0.1261485172,0,0,0.08448083672,0.2638513628,1.52E-02,4.70E-01,0.4364264246,0,0.9524995846,0.4969032605,0,0.9687096529,0,0.9220847835,0,0.9683113508,0,0.9508925512
iris,MCAR(0.2),OT,0.07067106007,0.09316983978,0,0,0.0665838968,0.257272916,6.37E-04,8.96E-02,0.08320529716,0,0.9571280284,311.3777713,0,0.9821776664,0,0.9410046581,0,0.9589432841,0,0.946386505
iris,MCAR(0.2),softimpute,0.1325350831,0.1325350831,0,0,0.09621967126,0.2713394827,3.42E-34,1.95E-16,0,0,0.9472671578,1.283255974,0,0.9888610415,0,0.8717332051,0,0.9731989907,0,0.9552753939
iris,MCAR(0.2),GAIN,0.09163409553,0.09268842493,0,0,0.06753995855,0.2504505016,2.62E-06,0.004010741721,0.003749178715,0,0.9736219421,7.368902206,0,1,0,0.9301045881,0,0.9866332498,0,0.9777499304
wine,MCAR(0.2),oracle,0,0,0,0,0,1.440255312,4.35E-34,1.29E-16,0,0,0.9560277573,4.61E-06,0,0.946394619,0,0.9093720944,0,0.9982675329,0,0.9700767828
wine,MCAR(0.2),KNN(n_neighbors=1),0.139171438,0.139171438,0,0,0.3582014234,1.465148733,3.25E-34,1.23E-16,0,0,0.9675749449,0.00901722908,0,0.9572016461,0,0.9368069141,0,0.9965350658,0,0.9797561537
wine,MCAR(0.2),MissForest,0.0946346998,0.106358072,0,0,0.2738603507,1.403510186,2.91E-04,5.88E-02,0.05434193682,0,0.9482311509,43.44819562,0,0.9372833032,0,0.9028147529,0,0.9923771448,0,0.9604494025
wine,MCAR(0.2),miceforest,0.07926563649,0.1121674486,0,0,0.288799472,1.419135304,2.91E-03,2.02E-01,0.1845385362,0,9.52E-01,28.30148522,0,0.9421282361,0,0.9057942949,0,0.9920306513,0,0.968642076
wine,MCAR(0.2),ice,0.1279827011,0.2269569978,0,0,0.5841878605,1.64621895,4.62E-02,8.70E-01,0.8010931665,0,0.8953757343,1.71E+00,0,0.9326365867,0,0.6721848169,0,0.9945012778,0,0.982180256
wine,MCAR(0.2),OT,0.14203222,0.1797871579,0,0,0.4629092961,1.54133659,3.43E-03,1.94E-01,0.1791008098,0,0.9585404308,5.96E+01,0,0.9585798399,0,0.8917033463,0,0.9986140263,0,0.9852645106
wine,MCAR(0.2),softimpute,0.2392533211,0.2392533211,0,0,0.612129564,1.690424495,1.59E-34,1.14E-16,0,0,0.9414796302,2.667386055,0,0.9385899697,0,0.8786612512,0,0.9828806584,0,0.9657866413
wine,MCAR(0.2),GAIN,0.1477617688,0.1492843007,0,0,0.3843040698,1.473988554,4.28E-06,8.04E-03,0.007435580448,0,0.9378225459,11.49400759,0,0.9520911681,0,0.8276401985,0,0.9913376645,0,0.9802211526
parkinsons,MCAR(0.2),oracle,0,0,0,0,0,1.704957945,3.35E-34,1.09E-16,0,0,0.8238306255,6.44E-06,0,0.709725269,0,0.8621966794,0,0.8572741829,0,0.8661263704
parkinsons,MCAR(0.2),KNN(n_neighbors=1),0.07107947282,0.07107947282,0,0,0.316018677,1.759787757,2.73E-34,1.06E-16,0,0,0.7741736401,0.03366589546,0,0.6766683915,0,0.7933615948,0,0.8182231339,0,0.80844144
parkinsons,MCAR(0.2),MissForest,0.04491417864,0.05144875337,0,0,0.2297681147,1.707711372,0.0002069693849,3.43E-02,0.03136701298,0,0.7895052455,74.60481397,0,0.6871471172,0,0.7883022759,0,0.8360595489,0,0.8465120403
parkinsons,MCAR(0.2),miceforest,0.03848633106,0.05678149964,0,0,0.2534851271,1.713931894,0.001815593977,0.1183736631,0.1065616174,0,0.7904812828,650.5551563,0,0.6830323894,0,0.8004931991,0,0.8428077546,0,0.835591788
parkinsons,MCAR(0.2),ice,0.08052395798,0.1403489802,0,0,0.6271040403,1.98093586,2.38E-02,5.38E-01,0.489684511,0,0.7822657527,2.980831067,0,0.7307045864,0,0.7947581318,0,0.7824068444,0,0.8211934483
parkinsons,MCAR(0.2),OT,0.1405050246,0.2399620068,0,0,1.072314944,2.329377005,4.87E-02,7.29E-01,0.6374515914,0,7.83E-01,143.084531,0,0.735800217,0,0.7798160294,0,0.7904876569,0,0.8272279268
parkinsons,MCAR(0.2),softimpute,0.1772586475,0.1772586475,0,0,0.7923304986,2.020444616,1.34E-34,9.81E-17,0,0,0.770114636,4.55E+00,0,0.7373323155,0,0.7635689205,0,0.7875018397,0,0.7920554682
parkinsons,MCAR(0.2),GAIN,0.07977016462,0.08079768972,0,0,0.3609796887,1.764617513,3.13E-06,5.85E-03,0.005404655316,0,0.8116200286,1.36E+01,0,0.7548946267,0,0.8123430598,0,0.8190088921,0,0.8602335359
climate_model_crashes,MCAR(0.2),oracle,0,0,0,0,0,3.879358003,1.06E-33,2.78E-16,0,0,0.7608071444,5.01E-06,0,0.8369939188,0,0.8195912949,0,0.5376682743,0,0.8489750894
climate_model_crashes,MCAR(0.2),KNN(n_neighbors=1),0.3307860921,0.3307860824,0,0,1.204669704,3.875730046,1.11E-33,2.83E-16,0,0,0.7311883934,0.01748800278,0,0.8466872545,0,0.756943466,0,0.5248003639,0,0.7963224894
climate_model_crashes,MCAR(0.2),MissForest,0.2416402856,0.260589271,0,0,0.9491609289,3.768210192,0.0009123167679,0.1182266293,0.1098774737,0,0.8058169683,83.47991927,0,0.8896718028,0,0.8313809201,0,0.656155399,0,0.8460597514
climate_model_crashes,MCAR(0.2),miceforest,0.2285447038,0.2963210923,0,0,1.079361641,3.813464312,0.01477617313,0.4807051636,0.445720709,0,0.7741220112,53.18047229,0,0.8836990255,0,0.7800017993,0,0.6138729784,0,0.8189142417
climate_model_crashes,MCAR(0.2),ice,0.2075917883,0.3279488384,0,0,1.194449714,3.853453283,0.05827952758,9.85E-01,0.9168869386,0,0.703143037,2.723856211,0,0.848535426,0,0.7027029362,0,0.4902973459,0,0.7710364401
climate_model_crashes,MCAR(0.2),OT,0.2385555002,0.2738489178,0,0,0.9974897654,3.780917725,0.004090201008,0.2397181241,0.2215437108,0,0.7785110745,376.8776322,0,0.8617512584,0,0.7949346145,0,0.6219745989,0,0.8353838262
climate_model_crashes,MCAR(0.2),softimpute,0.2677103736,0.2677103736,0,0,0.9751286546,3.777499609,6.18E-34,2.78E-16,0,0,0.6672930854,7.596406301,0,0.8201743254,0,0.675089818,0,0.4850823132,0,0.6888258851
climate_model_crashes,MCAR(0.2),GAIN,0.2865546823,2.88E-01,0,0,1.049596538,3.787543798,6.65E-06,1.05E-02,0.009733327444,0,7.67E-01,13.8538661,0,0.8793533616,0,0.739637189,0,0.6181183916,0,0.8301627056
concrete_compression,MCAR(0.2),oracle,0,0,4.14E-16,1,0,0.4850938102,4.47E-34,1.64E-16,0,0.7890316565,0,8.03E-06,0.5759607897,0,0.7630503934,0,0.904734688,0,0.9123807549,0
concrete_compression,MCAR(0.2),KNN(n_neighbors=1),0.09396699133,0.09396699132,150.4353059,0.03703703704,0.1426544374,0.5333737363,5.06E-34,1.68E-16,0,0.7647322369,0,2.53E-02,0.5604494134,0,0.7669934871,0,0.8701907986,0,0.8612952486,0
concrete_compression,MCAR(0.2),MissForest,0.04641708782,0.06068032214,50.28933366,0.7333333333,0.09671290099,0.5105645181,7.41E-04,6.19E-02,0.0547701795,0.7618948329,0,42.35168084,0.5693626747,0,0.7582132616,0,0.8630487364,0,0.8569546589,0
concrete_compression,MCAR(0.2),miceforest,0.03412894496,0.07291816039,53.09057557,0.5555555556,0.1130524809,0.5151777798,4.57E-03,2.03E-01,0.1782070647,0.7618999634,0,23.13273422,0.5686170922,0,0.7595641763,0,0.8610939254,0,0.8583246597,0
concrete_compression,MCAR(0.2),ice,0.08685496832,0.2089232678,210.9309515,0.08888888889,0.3151740316,0.6273142527,0.03948282393,0.7785625735,0.7117988364,0.7271781673,0,1.029159307,0.551094271,0,0.6728829257,0,0.8439835441,0,0.8407519284,0
concrete_compression,MCAR(0.2),OT,0.1806828479,0.1842282307,165.7386401,0.1851851852,0.297790347,0.6268151906,2.82E-05,0.01359192256,0.01259395676,0.7381462838,0,65.85384035,0.5361861441,0,0.7241751791,0,0.8586884982,0,0.8335353137,0
concrete_compression,MCAR(0.2),softimpute,0.221078797,0.221078797,106.9919819,0.1851851852,0.3566670201,0.6707171629,1.73E-34,1.56E-16,0,0.7462596484,0,5.063211997,0.533571447,0,0.7535834834,0,0.8498965592,0,0.8479871039,0
concrete_compression,MCAR(0.2),GAIN,0.1435492686,0.1452669297,191.7437971,0.1851851852,0.2341922238,0.5769487974,4.01E-06,7.42E-03,0.006849564443,0.7393815812,0,12.09168164,0.5328608267,0,0.7249500808,0,0.8522979299,0,0.8474174872,0
yacht_hydrodynamics,MCAR(0.2),oracle,0,0,1.87E-15,1,0,0.4997463846,4.49E-34,1.22E-16,0,0.8956182635,0,8.50E-06,0.5993811972,0,0.9897862716,0,0.9970182189,0,0.9962873662,0
yacht_hydrodynamics,MCAR(0.2),KNN(n_neighbors=1),0.1923687264,1.92E-01,178.7292055,0.619047619,0.1829411513,0.5504855239,3.93E-34,1.19E-16,0,0.8785782455,0.00E+00,0.005386511485,0.5986280261,0,0.9644663073,0,0.97847351,0,0.9727451388,0
yacht_hydrodynamics,MCAR(0.2),MissForest,0.05460775547,0.06852580781,57.93836304,1,0.07587029915,0.5090601525,1.41E-03,5.83E-02,0.04835908911,0.893870751,0,1.85E+01,0.5974707326,0,0.9877466295,0,0.9955550526,0,0.9947105892,0
yacht_hydrodynamics,MCAR(0.2),miceforest,0.03534165589,0.08029475951,78.43059542,1,0.07797973842,0.517847945,1.04E-02,2.00E-01,0.1561526385,0.8925996117,0,6.55E+00,0.6022578608,0,0.9863392929,0,0.9928121879,0,0.9889891051,0
yacht_hydrodynamics,MCAR(0.2),ice,0.1165501591,0.2918809333,107.5895994,0.619047619,0.2918804474,0.6270530067,6.76E-02,1.05E+00,0.970203613,0.8665138129,0,0.7734645208,0.6000025778,0,0.9204119587,0,0.9859331801,0,0.959707535,0
yacht_hydrodynamics,MCAR(0.2),OT,0.142103582,0.2138745558,131.1022374,0.6952380952,0.2342010377,0.5823969047,1.32E-02,3.67E-01,0.3376631658,0.884656005,0,338.1429089,0.5989445207,0,0.9770858644,0,0.9886251049,0,0.9739685301,0
yacht_hydrodynamics,MCAR(0.2),softimpute,0.370344387,0.370344387,92.86462614,0.5714285714,0.4212783369,0.7540672347,3.05E-34,1.18E-16,0,0.8489516244,0,1.872786204,0.554349984,0,0.9003295146,0,0.9657167592,0,0.9754102396,0
yacht_hydrodynamics,MCAR(0.2),GAIN,0.1692101475,0.1722683814,115.2562621,0.8095238095,0.1967491201,0.5546468964,1.10E-05,0.01176246833,0.01081487577,0.8951464764,0,10.67877316,0.6068182786,0,0.9871342696,0,0.9947804503,0,0.9918529072,0
airfoil_self_noise,MCAR(0.2),oracle,0,0,9.38E-16,1,0,0.2413096733,4.68E-34,1.79E-16,0,0.7624965712,0,8.19E-06,0.5087932287,0,0.6605055143,0,0.9329225501,0,0.9477649919,0
airfoil_self_noise,MCAR(0.2),KNN(n_neighbors=1),0.2139026044,0.2139026025,14.38833601,0.3333333333,0.1250056438,0.2851235268,5.50E-34,1.82E-16,0,0.6938867421,0,0.03072977066,0.4972749711,0,0.5889092147,0,0.8433409986,0,0.8460217842,0
airfoil_self_noise,MCAR(0.2),MissForest,0.06406309405,0.08397960876,4.933121136,0.9444444444,0.07369378732,0.2603192401,1.61E-03,7.73E-02,0.06715625898,0.7277582373,0,27.67350141,0.5071913433,0,0.6136625126,0,0.8882584132,0,0.9019206799,0
airfoil_self_noise,MCAR(0.2),miceforest,0.03445298828,1.04E-01,3.123009253,0.9888888889,0.06777600151,0.2491333449,1.48E-02,3.07E-01,0.2608751447,0.7083641054,0.00E+00,17.40709408,0.507385768,0,0.6169083049,0,0.8633103259,0,0.8458520227,0
airfoil_self_noise,MCAR(0.2),ice,0.08881533079,0.2381993993,14.00073015,0.5333333333,0.1584364066,0.3051372609,4.34E-02,7.93E-01,0.7240626051,0.6714936959,0,7.47E-01,0.4983169341,0,0.5375116057,0,0.8197309411,0,0.8304153028,0
airfoil_self_noise,MCAR(0.2),OT,0.1864403537,0.3057859576,22.66677767,0.2666666667,0.267780806,0.3906459875,5.12E-02,6.39E-01,0.5603612517,0.6624681476,0,6.81E+01,0.4574247911,0,0.4881996947,0,0.8411264587,0,0.863121646,0
airfoil_self_noise,MCAR(0.2),softimpute,0.2934196915,0.2934196915,29.73292588,0.1111111111,0.2862920816,0.3829612051,3.10E-35,1.53E-16,0,0.6366698071,0,4.463773966,0.4365889042,0,0.4835723717,0,0.8109992616,0,0.815518691,0
airfoil_self_noise,MCAR(0.2),GAIN,0.1900851462,0.192494531,9.916868383,0.7777777778,0.1917311818,0.3218992571,6.57E-06,9.35E-03,0.008643572955,0.6975999011,0,9.69070069,0.4968577943,0,0.5964075988,0,0.8386962587,0,0.8584379526,0
connectionist_bench_sonar,MCAR(0.2),oracle,0,0,0,0,0,8.528049775,5.38E-34,1.62E-16,0,0,0.8203080724,5.17E-06,0,0.7193842323,0,0.8401233699,0,0.8329529656,0,0.8887717218
connectionist_bench_sonar,MCAR(0.2),KNN(n_neighbors=1),0.1248639843,0.1248639843,0,0,1.500030279,8.55221824,4.22E-34,1.56E-16,0,0,0.7836216168,0.03019444148,0,0.7354830355,0,0.7842062123,0,0.8160206611,0,0.7987765583
connectionist_bench_sonar,MCAR(0.2),MissForest,0.08109102038,0.08665044552,0,0,1.040790203,8.373539653,0.0003147467985,5.40E-02,0.04948863001,0,0.7989143325,343.4518813,0,0.6799596302,0,0.8522464235,0,0.8310408304,0,0.8324104461
connectionist_bench_sonar,MCAR(0.2),miceforest,0.07784754586,0.09262962484,0,0,1.112833326,8.41481927,0.002183347492,0.1697231013,0.1549346414,0,0.8114963096,2163.185472,0,0.7440098676,0,0.8417359615,0,0.8278226774,0,0.8324167318
connectionist_bench_sonar,MCAR(0.2),ice,0.1032270826,0.1350353401,0,0,1.62250324,8.771376297,1.41E-02,4.65E-01,0.430228304,0,0.8006814278,14.57604758,0,0.7259674676,0,0.8244117001,0,0.821387012,0,0.8309595315
connectionist_bench_sonar,MCAR(0.2),OT,0.09783116231,0.1202683889,0,0,1.444582949,8.492449425,6.37E-03,2.33E-01,0.2132255269,0,8.04E-01,380.2452658,0,0.7508826882,0,0.840614654,0,0.8284857895,0,0.7979630145
connectionist_bench_sonar,MCAR(0.2),softimpute,0.09109937839,0.09109937839,0,0,1.094731751,8.351240572,3.12E-34,1.53E-16,0,0,0.7936125338,2.96E+01,0,0.6810713118,0,0.8535304291,0,0.8229983927,0,0.8168500015
connectionist_bench_sonar,MCAR(0.2),GAIN,0.2049853884,0.2055865502,0,0,2.467964183,9.401353487,2.44E-06,5.13E-03,0.004773189222,0,0.7793474423,2.38E+01,0,0.7070640094,0,0.8111970406,0,0.8040539614,0,0.7950747579
ionosphere,MCAR(0.2),oracle,0,0,0,0,0,4.417807475,8.52E-34,2.23E-16,0,0,0.9129495335,5.56E-06,0,0.8506690212,0,0.9387153881,0,0.9399530096,0,0.922460715
ionosphere,MCAR(0.2),KNN(n_neighbors=1),0.1147075467,0.1147075467,0,0,0.7617813823,4.348497706,1.12E-33,2.36E-16,0,0,0.9109139976,0.02546230952,0,0.8546399607,0,0.9285164367,0,0.9421678724,0,0.9183317208
ionosphere,MCAR(0.2),MissForest,0.09853594629,0.1078070391,0,0,0.7160471712,4.335254526,0.0008013537631,0.06606705027,0.06037841739,0,0.9014387425,201.7074285,0,0.8381150837,0,0.9032025689,0,0.9404842914,0,0.9239530258
ionosphere,MCAR(0.2),miceforest,0.09490463222,0.1223514028,0,0,0.8125843432,4.417580749,0.005347293713,0.2384036107,0.2120643052,0,0.9047890812,147.24509,0,0.8457969198,0,0.9144853044,0,0.9360964735,0,0.9227776272
ionosphere,MCAR(0.2),ice,0.1322969553,0.1844551801,0,0,1.22533864,4.710465973,0.02122808359,5.56E-01,0.5102189852,0,0.8940262167,4.936282237,0,0.8346874909,0,0.8966801825,0,0.9332176381,0,0.9115195552
ionosphere,MCAR(0.2),OT,0.1051422744,0.1173402162,0,0,0.7795672921,4.371648716,0.0009339928163,0.08991413217,0.08276455541,0,0.9049358353,315.1876522,0,0.8495371217,0,0.9137351675,0,0.9417802287,0,0.9146908234
ionosphere,MCAR(0.2),softimpute,0.1420632967,0.1420632967,0,0,0.9438417569,4.436460325,9.04E-34,2.30E-16,0,0,0.8980545708,18.62288729,0,0.8427904782,0,0.8976074632,0,0.9331569789,0,0.9186633628
ionosphere,MCAR(0.2),GAIN,0.1558057915,0.1568371052,0,0,1.041555471,4.545378049,4.04E-06,7.05E-03,0.006545106389,0,9.04E-01,16.57572373,0,0.8292844283,0,0.9263807669,0,0.9417518679,0,0.9169788677
qsar_biodegradation,MCAR(0.2),oracle,0,0,0,0,0,1.37611821,1.26E-34,4.79E-17,0,0,0.8512666078,5.32E-06,0,0.8555204561,0,0.8302144943,0,0.8621689851,0,0.8571624959
qsar_biodegradation,MCAR(0.2),KNN(n_neighbors=1),0.03182994722,0.03182994722,0,0,0.2622067578,1.408999791,1.07E-34,4.67E-17,0,0,0.8465633538,9.95E-02,0,0.8569943104,0,0.8232616339,0,0.8554384306,0,0.8505590402
qsar_biodegradation,MCAR(0.2),MissForest,0.01794883925,0.02059195037,0,0,0.1697437188,1.396148459,1.17E-04,1.59E-02,0.01432619702,0,0.8499824044,320.3665237,0,0.845377542,0,0.8351794956,0,0.8598319391,0,0.859540641
qsar_biodegradation,MCAR(0.2),miceforest,0.01326508127,0.02184180158,0,0,0.1800617606,1.396038216,9.18E-04,5.52E-02,0.04639279895,0,0.8526716829,209.036609,0,0.8523613695,0,0.8407404123,0,0.8605720786,0,0.8570128712
qsar_biodegradation,MCAR(0.2),ice,0.03629732764,0.06338623267,0,0,0.5218031815,1.612791249,0.008018163324,0.2550872932,0.2213984888,0,0.8488528533,21.25204945,0,0.8497598128,0,0.8359192599,0,0.857057582,0,0.8526747585
qsar_biodegradation,MCAR(0.2),OT,0.06315449243,0.07475865469,0,0,0.6161885814,1.648433334,0.001218647705,0.07791062393,0.06707822326,0,0.8430100999,262.85937,0,0.8279074837,0,0.8243836318,0,0.8608808409,0,0.858868443
qsar_biodegradation,MCAR(0.2),softimpute,0.06001559957,0.06001559957,0,0,0.494784714,1.583516958,9.33E-35,4.68E-17,0,0,0.8362557856,49.80279533,0,0.8442829469,0,0.8123549394,0,0.8459804871,0,0.8424047691
qsar_biodegradation,MCAR(0.2),GAIN,0.0433905315,0.04420421642,0,0,0.364082721,1.470272153,7.82E-05,0.004552062572,0.00408546488,0,0.848913455,18.98753436,0,0.8391379524,0,0.8335065194,0,0.8619338419,0,0.8610755063
seeds,MCAR(0.2),oracle,0,0,0,0,0,0.4597781875,4.22E-34,1.18E-16,0,0,0.8711821463,5.25E-06,0,0.936659665,0,0.6485722286,0,0.9634046442,0,0.9360920476
seeds,MCAR(0.2),KNN(n_neighbors=1),0.08315561028,0.08315561028,0,0,0.1087046374,0.4637309475,5.35E-34,1.24E-16,0,0,8.54E-01,0.003782510757,0,0.9285410205,0,0.631950729,0,0.9346457771,0,0.9199612648
seeds,MCAR(0.2),MissForest,0.04506953933,0.05359498604,0,0,0.07094477838,0.4524566384,1.24E-04,3.53E-02,0.03216755478,0,0.8552212376,2.65E+01,0,0.9414283999,0,0.5702483987,0,0.955458836,0,0.9537493158
seeds,MCAR(0.2),miceforest,0.03521914645,0.05974640152,0,0,0.07898612885,0.4560089144,1.25E-03,1.21E-01,0.110216695,0,0.8660465985,1.91E+01,0,0.9456931716,0,0.6145646335,0,0.958259151,0,0.9456694377
seeds,MCAR(0.2),ice,0.07411562126,0.1761601789,0,0,0.2309334611,0.5664604638,3.66E-02,7.39E-01,0.6817964291,0,0.9117481659,0.9293239911,0,0.9487989558,0,0.8259263011,0,0.9310231703,0,0.9412442361
seeds,MCAR(0.2),OT,0.05446436384,0.081649129,0,0,0.1075336701,0.4644914646,1.78E-03,1.20E-01,0.109321056,0,0.8566117129,323.355269,0,0.936487758,0,0.6078288127,0,0.9459183161,0,0.9362119646
seeds,MCAR(0.2),softimpute,0.1129703883,0.1129703883,0,0,0.1495543302,0.5099662074,5.65E-34,1.24E-16,0,0,0.8550711836,1.794123411,0,0.96046108,0,0.5802199132,0,0.9427417481,0,0.9368619932
seeds,MCAR(0.2),GAIN,0.07771585508,0.07916065455,0,0,0.1048217158,0.467221887,2.56E-06,0.005544949615,0.005113766319,0,0.8741780646,9.254815022,0,0.9382310608,0,0.6382823006,0,0.9583387335,0,0.9618601634
glass,MCAR(0.2),oracle,0,0,0,0,0,0.6305955746,2.33E-34,7.36E-17,0,0,0.6205299257,5.32E-06,0,0.5611093415,0,0.4344818638,0,0.7354191386,0,0.7511093587
glass,MCAR(0.2),KNN(n_neighbors=1),0.08389092473,0.08389092473,0,0,0.1421608633,0.6463414637,2.76E-34,7.58E-17,0,0,0.5617051702,0.004852612813,0,0.5588551903,0,0.2795428337,0,0.6881531977,0,0.7202694591
glass,MCAR(0.2),MissForest,0.05786449453,0.0681293218,0,0,0.1178588587,0.6348514968,3.31E-04,4.32E-02,3.92E-02,0,0.6214856094,31.28890649,0,0.5992620448,0,0.3775334466,0,0.7708262019,0,0.7383207443
glass,MCAR(0.2),miceforest,0.04558138189,0.07897432376,0,0,0.1350419459,0.6405579548,3.71E-03,1.69E-01,1.49E-01,0,5.70E-01,19.87213508,0,0.5819268389,0,0.2848701894,0,0.6991280194,0,0.7133130616
glass,MCAR(0.2),ice,0.1499586411,0.3219422453,0,0,0.552055502,0.9771445599,1.02E-01,1.29E+00,1.12289332,0,0.4880246307,1.16E+00,0,0.465609443,0,0.2797116828,0,0.5783013916,0,0.6284760055
glass,MCAR(0.2),OT,0.06441983809,0.09580227774,0,0,0.1659773544,0.6588950332,6.91E-03,1.73E-01,0.1568656552,0,0.5563447711,4.27E+02,0,0.5883340666,0,0.3123057449,0,0.6743288515,0,0.6504104215
glass,MCAR(0.2),softimpute,0.1851621878,0.1851621878,0,0,0.3226758569,0.8053917167,9.89E-35,7.08E-17,0,0,0.5652310377,2.090054194,0,0.5679070661,0,0.3060471017,0,0.6903205418,0,0.6966494411
glass,MCAR(0.2),GAIN,0.088616812,0.09012284982,0,0,0.1568707889,0.6658967599,3.41E-06,6.46E-03,0.005978105253,0,0.5568191791,14.09122276,0,0.6051364696,0,0.1925388754,0,0.7089581874,0,0.7206431837
ecoli,MCAR(0.2),oracle,0,0,0,0,0,0.4013585467,4.84E-34,1.35E-16,0,0,0.7322560453,4.85E-06,0,0.8429672979,0,0.458974669,0,0.8269753021,0,0.8001069122
ecoli,MCAR(0.2),KNN(n_neighbors=1),0.1025427095,0.1025427095,0,0,0.1314005068,0.4166758545,4.91E-34,1.37E-16,0,0,0.7178671479,0.00683705012,0,0.8367923402,0,0.4915734522,0,0.7972436982,0,0.7458591011
ecoli,MCAR(0.2),MissForest,0.06418846223,0.07557486515,0,0,0.1026682873,0.4016833087,3.11E-04,4.88E-02,4.46E-02,0,0.6562859708,23.80286749,0,0.7373525684,0,0.4128748355,0,0.7580480383,0,0.7168684409
ecoli,MCAR(0.2),miceforest,0.05570296766,0.09712357884,0,0,0.1277304217,0.4131001501,0.004670181498,0.1973844737,1.79E-01,0,0.6557966992,26.09344975,0,0.7816496749,0,0.3766969947,0,0.7459351082,0,0.7189050189
ecoli,MCAR(0.2),ice,0.0664465176,0.149498039,0,0,0.195352047,0.4709680917,1.97E-02,5.17E-01,0.4753796315,0,0.6914167836,0.8986795743,0,0.8210652904,0,0.4303294068,0,0.7730925844,0,0.7411798529
ecoli,MCAR(0.2),OT,0.06279119824,0.0955946148,0,0,0.1270123667,0.4218336217,2.48E-03,1.53E-01,0.1399682557,0,6.75E-01,406.337968,0,0.7467218483,0,0.4217645839,0,0.7835264497,0,0.7490161675
ecoli,MCAR(0.2),softimpute,0.09854277163,0.09854277163,0,0,0.135317701,0.4257095742,1.47E-34,1.20E-16,0,0,0.6460630065,2.12E+00,0,0.7654576206,0,0.3967520396,0,0.7508172861,0,0.6712250795
ecoli,MCAR(0.2),GAIN,0.1169290658,0.1186205073,0,0,0.162015487,0.4460215126,4.06E-06,6.78E-03,0.006281046939,0,0.6650068323,1.21E+01,0,0.7615143842,0,0.3492701047,0,0.7858962439,0,0.7633465962
yeast,MCAR(0.2),oracle,0,0,0,0,0,0.3176505118,2.50E-34,1.34E-16,0,0,0.5159895897,5.01E-06,0,0.5386445957,0,0.4064941104,0,0.5586396039,0,0.5601800486
yeast,MCAR(0.2),KNN(n_neighbors=1),0.08345045286,0.08345045286,0,0,0.1189103557,0.3287315814,3.38E-34,1.38E-16,0,0,0.4521014693,0.06410423915,0,0.5275296746,0,0.3401716219,0,0.4722882028,0,0.4684163779
yeast,MCAR(0.2),MissForest,0.05268680763,0.06302593709,0,0,0.09864960725,0.3173504341,0.0002622154661,0.04661908841,0.04265532771,0,0.4617906403,39.85651374,0,0.5218199484,0,0.3282926926,0,0.4781483884,0,0.5189015319
yeast,MCAR(0.2),miceforest,0.03947276262,0.0754695151,0,0,0.1113651078,0.3203977748,0.003941956704,0.2001589472,0.182831737,0,0.4365429824,32.1274302,0,0.5354951786,0,0.2634246053,0,0.4673286132,0,0.4799235325
yeast,MCAR(0.2),ice,0.05128862241,0.1115143473,0,0,0.1619656998,0.3603148575,0.01040737819,3.85E-01,0.3546720305,0,0.4403767126,1.305329641,0,0.5406570389,0,0.2559434352,0,0.4532542827,0,0.5116520937
yeast,MCAR(0.2),OT,0.04386455181,0.07723244902,0,0,0.1155350576,0.3261186165,2.73E-03,0.1747936559,0.1582104666,0,0.4759965408,512.1384935,0,0.5451842677,0,0.3500905473,0,0.4768927293,0,0.5318186188
yeast,MCAR(0.2),softimpute,0.08109837916,0.08109837916,0,0,0.1294412542,0.3380590184,1.90E-34,1.28E-16,0,0,0.4604899716,7.477202257,0,0.5191246439,0,0.3524903273,0,0.496936717,0,0.473408198
yeast,MCAR(0.2),GAIN,0.07448639166,0.07604360635,0,0,0.1207251792,0.3286584511,3.80E-06,6.51E-03,0.006028369649,0,4.57E-01,13.75710233,0,0.5356761165,0,0.3317788476,0,0.4713821626,0,0.4874063391
libras,MCAR(0.2),oracle,0,0,0,0,0,8.906211955,6.48E-34,1.95E-16,0,0,0.588410903,5.48E-06,0,0.7145750546,0,0.07820754173,0,0.8112754159,0,0.7495855996
libras,MCAR(0.2),KNN(n_neighbors=1),0.06165602502,0.06165602502,0,0,1.112213759,9.041138703,6.60E-34,1.96E-16,0,0,0.5589171207,3.96E-02,0,0.6932275132,0,0.0473273671,0,0.7821369495,0,0.712976653
libras,MCAR(0.2),MissForest,0.01369958479,0.01516153252,0,0,0.2735496577,8.887477341,3.11E-05,1.59E-02,0.0145296032,0,0.5860134527,1263.066631,0,0.718965331,0,0.08205323836,0,0.8055874052,0,0.7374478361
libras,MCAR(0.2),miceforest,0.01451597481,0.01773734462,0,0,0.3200038342,8.893332872,1.81E-04,4.66E-02,0.04154934046,0,0.5764131301,312.0924911,0,0.700342571,0,0.05354226997,0,0.809822686,0,0.7419449933
libras,MCAR(0.2),ice,0.007785911281,0.009905953015,0,0,0.1787184932,8.912335214,8.18E-05,0.03221011039,0.02989692776,0,0.5833273895,57.97427281,0,0.7235198121,0,0.06682708403,0,0.8066841504,0,0.7362785116
libras,MCAR(0.2),OT,0.08417767088,0.09950568947,0,0,1.795192354,9.209110343,0.0009050466486,0.1180611251,0.1095812153,0,0.5506187022,500.6890175,0,0.7098221466,0,0.0380743195,0,0.7777692875,0,0.6768090551
libras,MCAR(0.2),softimpute,0.06173403593,0.06173403593,0,0,0.8218907007,9.242171331,5.08E-34,1.91E-16,0,0,0.5653059023,84.85960666,0,0.686042846,0,0.05458636982,0,0.8063927924,0,0.7142016009
libras,MCAR(0.2),GAIN,0.04423318419,0.0444625541,0,0,0.8002841922,9.174080655,4.47E-07,0.002477735469,0.002302114087,0,0.5768558328,41.8196609,0,0.7204049037,0,0.05432671927,0,0.8018638201,0,0.7308278882
planning_relax,MCAR(0.2),oracle,0,0,0,0,0,1.444708645,5.19E-34,1.78E-16,0,0,0.4314188016,6.28E-06,0,0.3994260604,0,0.3970594979,0,0.448442713,0,0.4807469349
planning_relax,MCAR(0.2),KNN(n_neighbors=1),0.1395167141,0.1395167141,0,0,0.3262920968,1.501606359,4.22E-34,1.75E-16,0,0,4.56E-01,0.008369922638,0,0.4031222807,0,0.5133829778,0,0.448750676,0,0.4582865115
planning_relax,MCAR(0.2),MissForest,0.06236072387,0.07192170963,0,0,0.1685588036,1.428177143,2.63E-04,4.70E-02,4.26E-02,0,0.4621236154,9.01E+01,0,0.433575575,0,0.4671082751,0,0.4579132967,0,0.489897315
planning_relax,MCAR(0.2),miceforest,0.04978730844,0.08068526099,0,0,0.1891204,1.439373529,2.95E-03,1.77E-01,0.16096732,0,0.4548670811,1.71E+01,0,0.4180672582,0,0.4649815152,0,0.4549786237,0,0.4814409272
planning_relax,MCAR(0.2),ice,0.03173456331,0.06272200077,0,0,0.1467433439,1.449971317,3.93E-03,1.86E-01,0.1736089371,0,0.4775933976,2.334850788,0,0.4359611563,0,0.5108125196,0,0.456061046,0,0.5075388687
planning_relax,MCAR(0.2),OT,0.08225019004,0.1012939975,0,0,0.2374828773,1.436219101,1.25E-03,1.05E-01,9.63E-02,0,0.456835139,639.4485626,0,0.4285729564,0,0.4489568845,0,0.4642498642,0,0.4855608509
planning_relax,MCAR(0.2),softimpute,0.05842388367,0.05842388367,0,0,0.1369019743,1.417406107,4.31E-34,1.76E-16,0,0,0.4700098388,5.109567245,0,0.4275969628,0,0.5396150976,0,0.4534549434,0,0.4593723515
planning_relax,MCAR(0.2),GAIN,0.0911378482,0.09275393682,0,0,0.2174688681,1.43659938,3.78E-06,0.007369778777,6.83E-03,0,0.4836080612,21.57692854,0,0.430966726,0,0.4878435582,0,0.4544591142,0,0.5611628464
blood_transfusion,MCAR(0.2),oracle,0,0,0,0,0,0.1082559128,1.80E-34,8.35E-17,0.00E+00,0,0.6011942398,6.44E-06,0,0.5654270943,0,0.6518887858,0,0.5935972385,0,0.5938638405
blood_transfusion,MCAR(0.2),KNN(n_neighbors=1),0.1183399128,0.1183399128,0,0,0.06680874454,0.1314513658,1.19E-34,8.38E-17,0,0,0.5798212613,0.01491371791,0,0.5554850547,0,0.5567876952,0,0.6107785828,0,0.5962337126
blood_transfusion,MCAR(0.2),MissForest,0.04385028249,0.05343478721,0,0,0.03037807072,0.111072608,4.58E-04,4.07E-02,0.03654517331,0,0.6083050583,26.20872712,0,0.561233529,0,0.6483238472,0,0.6047309035,0,0.6189319535
blood_transfusion,MCAR(0.2),miceforest,0.02730019858,0.06549039412,0,0,0.02978616152,0.1122248377,5.25E-03,1.85E-01,0.1654649137,0,5.97E-01,6.551224788,0,0.555355664,0,0.6379566559,0,0.5898506321,0,0.6043063836
blood_transfusion,MCAR(0.2),ice,0.0295733784,0.08209670985,0.00E+00,0,0.03960246861,0.1161966048,7.84E-03,2.51E-01,0.2324696129,0,0.5841980134,8.89E-01,0,0.5487275475,0,0.6155414072,0,0.5838392293,0,0.5886838698
blood_transfusion,MCAR(0.2),OT,0.1054146248,0.1116437075,0.00E+00,0,0.08727372293,0.1437620159,5.31E-05,2.48E-02,0.02026385799,0,0.5985847778,1.12E+02,0,0.5733179702,0,0.6210712384,0,0.594486586,0,0.6054633168
blood_transfusion,MCAR(0.2),softimpute,0.1154256442,0.1154256442,0,0,0.08632776895,0.1480702417,7.93E-35,7.48E-17,0,0,0.5861589003,4.282574574,0,0.5408977987,0,0.5974552736,0,0.5969590946,0,0.6093234344
blood_transfusion,MCAR(0.2),GAIN,0.1060106522,0.1077539656,0,0,0.07485998879,0.1374810814,3.71E-06,6.38E-03,0.005892794601,0,0.5849345264,19.07042861,0,0.5807155408,0,0.6280866312,0,0.5579540224,0,0.5729819113
breast_cancer_diagnostic,MCAR(0.2),oracle,0,0,0,0,0,1.852712409,1.59E-34,8.50E-17,0,0,0.9613779549,6.60E-06,0,0.9653953526,0,0.9557957103,0,0.9559334667,0,0.9683872901
breast_cancer_diagnostic,MCAR(0.2),KNN(n_neighbors=1),0.06308321249,0.06308321249,0,0,0.3782659654,1.884708491,1.44E-34,8.41E-17,0,0,0.952853564,0.03406977654,0,0.9558232878,0,0.9496625152,0,0.9529741333,0,0.9529543195
breast_cancer_diagnostic,MCAR(0.2),MissForest,0.03291429606,0.0363974611,0,0,0.2182403536,1.822308945,7.70E-05,2.28E-02,0.02093665723,0,0.958772462,220.5510279,0,0.9616611751,0,0.9594839668,0,0.9586146683,0,0.9553300379
breast_cancer_diagnostic,MCAR(0.2),miceforest,0.0294476592,0.03979132973,0,0,0.2385946722,1.832439773,7.11E-04,0.08001322195,0.07319476914,0,0.9576051027,82.5086925,0,0.9634966652,0,0.9508561714,0,0.9594342133,0,0.9566333611
breast_cancer_diagnostic,MCAR(0.2),ice,0.0433060625,0.06913528436,0,0,0.4144625212,1.964158491,6.12E-03,2.73E-01,0.2525237079,0,0.9581910759,9.260042111,0,0.9640344532,0,0.9518963143,0,0.95971559,0,0.9571179461
breast_cancer_diagnostic,MCAR(0.2),OT,0.1360621603,0.2074214751,0,0,1.243569183,2.625978989,4.44E-02,6.66E-01,0.5930317555,0,9.52E-01,115.4511105,0,0.9579080281,0,0.9490317252,0,0.9509945735,0,0.9489963247
breast_cancer_diagnostic,MCAR(0.2),softimpute,0.1264488206,0.1264488206,0.00E+00,0,0.7525724672,2.17513828,1.28E-34,8.10E-17,0,0,0.9416485485,2.41E+01,0,0.9436877382,0,0.9380883277,0,0.9470287356,0,0.9377893923
breast_cancer_diagnostic,MCAR(0.2),GAIN,0.04826754781,0.04899219361,0.00E+00,0,0.293618523,1.853140148,1.72E-06,4.75E-03,0.00439625613,0,0.9539906781,2.59E+01,0,0.9557421125,0,0.9510611927,0,0.9581595043,0,0.950999903
connectionist_bench_vowel,MCAR(0.2),oracle,0,0,0,0,0,0.6725393433,4.04E-34,1.43E-16,0,0,0.6500737378,6.68E-06,0,0.6716818249,0,0.0767009015,0,0.9569156874,0,0.8949965374
connectionist_bench_vowel,MCAR(0.2),KNN(n_neighbors=1),0.05614366432,0.05614366432,0,0,0.1130821806,0.6992392557,4.24E-34,1.44E-16,0,0,0.6452601308,0.03114183744,0,0.6762817026,0,0.09423948215,0,0.9347378052,0,0.8757815333
connectionist_bench_vowel,MCAR(0.2),MissForest,0.05939141352,0.07012272181,0,0,0.1417300391,0.6916894962,0.0002423558139,5.01E-02,0.04627663517,0,0.6535626924,91.35133497,0,0.6696416919,0,0.1313061617,0,0.9304168028,0,0.8828861132
connectionist_bench_vowel,MCAR(0.2),miceforest,0.05492361749,0.09154089418,0,0,0.1850022521,0.7149963338,0.003268526069,0.2149359556,0.198275005,0,0.6643261517,29.13606977,0,0.6614563292,0,0.1951707849,0,0.9246656978,0,0.8760117947
connectionist_bench_vowel,MCAR(0.2),ice,0.08164201098,0.1559030927,0,0,0.3146899639,0.7936337666,0.01557265492,4.92E-01,0.4577279404,0,0.6674925853,2.179261843,0,0.6293326141,0,0.254314682,0,0.9104158952,0,0.87590715
connectionist_bench_vowel,MCAR(0.2),OT,0.06886244492,0.08289963387,0,0,0.1675752251,0.6990146045,0.0003023692256,0.06688786225,0.06212695065,0,0.6535464335,523.6496702,0,0.6650598653,0,0.1291949632,0,0.9331205372,0,0.8868103683
connectionist_bench_vowel,MCAR(0.2),softimpute,0.1337466269,0.1337466269,0,0,0.2703565063,0.7656055661,5.01E-34,1.55E-16,0,0,0.6520585733,10.82220014,0,0.6089756757,0,0.2389351268,0,0.9073469674,0,0.8529765232
connectionist_bench_vowel,MCAR(0.2),GAIN,0.1327436053,0.1345549294,0,0,0.2715901114,0.7622209596,4.67E-06,8.65E-03,0.00800573443,0,6.36E-01,22.01860054,0,0.6004069017,0,0.2004457353,0,0.8939402372,0,0.8503436146
concrete_slump,MCAR(0.2),oracle,0,0,1.19E-15,1,0,1.100286331,3.58E-34,1.49E-16,0,0.8254924131,0,6.20E-06,0.8461201115,0,0.8023021994,0,0.8057604675,0,0.8477868741,0
concrete_slump,MCAR(0.2),KNN(n_neighbors=1),0.1648781486,0.1648781486,7.70E+01,0.2083333333,0.2178019889,1.128763598,5.83E-34,1.61E-16,0,0.7885825976,0,6.77E-03,0.8052302475,0,0.7892593527,0,0.7720320559,0,0.7878087343,0
concrete_slump,MCAR(0.2),MissForest,0.1356299389,0.1578616479,53.8612733,0.9,0.2083361544,1.144685161,7.76E-04,9.54E-02,0.08769929596,0.7817883984,0,43.49156443,0.8107956095,0,0.7758799037,0,0.784919278,0,0.7555588025,0
concrete_slump,MCAR(0.2),miceforest,0.09729218247,0.160882974,62.09624702,0.65,0.2120067093,1.138944805,7.66E-03,3.12E-01,0.2811824645,0.785358168,0,5.750984748,0.805804881,0,0.7750946473,0,0.7866927221,0,0.7738404217,0
concrete_slump,MCAR(0.2),ice,0.145756119,0.3319869622,50.69891901,0.5083333333,0.4354137158,1.245042025,0.09583722779,1.287555574,1.153911196,0.6568299429,0,1.571951151,0.6729364425,0,0.6497490411,0,0.7049481524,0,0.5996861353,0
concrete_slump,MCAR(0.2),OT,0.2238291428,0.2300908312,62.67319706,0.9166666667,0.30366295,1.187046317,7.34E-05,0.02261192134,0.02106832971,0.7166346447,0,110.4044874,0.7592605273,0,0.6795313364,0,0.7432298301,0,0.6845168851,0
concrete_slump,MCAR(0.2),softimpute,0.282674485,0.282674485,80.96349547,0.375,0.3731874065,1.247916964,1.17E-34,1.43E-16,0,0.668920099,0,2.766577085,0.705205088,0,0.6854777011,0,0.7057393805,0,0.5792582264,0
concrete_slump,MCAR(0.2),GAIN,0.1652598234,0.1673163449,83.40017294,0.4166666667,0.2200698177,1.149403594,4.76E-06,8.39E-03,0.007771503892,0.7607321476,0,20.04735057,0.7875492497,0,0.7620474557,0,0.7414291149,0,0.7519027699,0
wine_quality_red,MCAR(0.2),oracle,0,0,8.96E-16,1,0,0.5043086342,9.83E-35,5.82E-17,0,0.3475731869,0,6.20E-06,0.3220754354,0,0.3179794107,0,0.4248786184,0,0.3253592829,0
wine_quality_red,MCAR(0.2),KNN(n_neighbors=1),0.07713097938,0.07713097938,114.655852,0.8181818182,0.1514939748,0.5313952853,9.26E-35,5.82E-17,0,0.3077423478,0.00E+00,0.07274738948,0.3170710074,0,0.2822180152,0,0.3748832246,0,0.2567971438,0
wine_quality_red,MCAR(0.2),MissForest,0.05308742545,0.06235987291,8.02E+01,0.9272727273,0.1240474429,0.5053801069,2.25E-04,4.23E-02,0.0386729484,0.3119667874,0,1.04E+02,0.3158809428,0,0.2867741501,0,0.3842900612,0,0.2609219953,0
wine_quality_red,MCAR(0.2),miceforest,0.0425618131,0.07652594603,6.02E+01,1,0.1510921754,0.5152330662,3.01E-03,1.95E-01,0.1794282231,0.3127571858,0,2.30E+01,0.31782338,0,0.2876000211,0,0.3778154403,0,0.2677899017,0
wine_quality_red,MCAR(0.2),ice,0.0746064423,0.1500850872,118.2048521,0.5757575758,0.2915047419,0.6102172939,2.30E-02,5.69E-01,0.5229726673,0.3148239378,0,3.072061618,0.3153883641,0,0.2878043695,0,0.3718973893,0,0.2842056283,0
wine_quality_red,MCAR(0.2),OT,0.09850051552,0.1468531951,64.42755206,0.8303030303,0.2914266599,0.6230954964,2.14E-02,3.76E-01,0.3306808698,0.2990505005,0,369.6455954,0.3138050008,0,0.2992640939,0,0.3545814725,0,0.228551435,0
wine_quality_red,MCAR(0.2),softimpute,0.1679503267,0.1679503267,106.493784,0.6060606061,0.3342982267,0.6701609952,7.36E-35,5.73E-17,0,0.2935006254,0,15.57378078,0.2940498689,0,0.2543332158,0,0.3518897805,0,0.2737296364,0
wine_quality_red,MCAR(0.2),GAIN,0.08495302144,0.08635530215,102.7387537,0.8181818182,0.1723020548,0.5284912485,2.91E-06,0.006503640246,0.006018705071,0.2821864825,0,22.00708127,0.3023821742,0,0.263088644,0,0.350163429,0,0.213111683,0
wine_quality_white,MCAR(0.2),oracle,0,0,1.79E-15,1,0,0.4338781008,1.24E-34,6.55E-17,0,0.3677915875,0,6.28E-06,0.2622624323,0,0.2939442049,0,0.4878961919,0,0.4270635209,0
wine_quality_white,MCAR(0.2),KNN(n_neighbors=1),0.06430499021,0.06430499021,124.6874923,0.3611111111,0.1385408144,0.4602463438,1.12E-34,6.47E-17,0,0.3391997316,0,0.8428169886,0.267562633,0,0.2911934096,0,0.4306919473,0,0.3673509365,0
wine_quality_white,MCAR(0.2),MissForest,0.04365247236,0.05093598954,155.3070411,0.5777777778,0.1121857012,0.4381479835,1.37E-04,3.46E-02,0.03171611249,0.3332856526,0,204.798863,0.2646480095,0,0.2733817824,0,0.4350531802,0,0.3600596383,0
wine_quality_white,MCAR(0.2),miceforest,0.0386741593,0.07163205793,145.8211185,0.45,0.1560189694,0.4556730982,3.43E-03,2.06E-01,0.1896604017,0.3300462923,0.00E+00,32.25279888,0.2678400574,0,0.2613440614,0,0.4278654414,0,0.3631356092,0
wine_quality_white,MCAR(0.2),ice,0.08819633683,0.1796519349,145.0770052,0.3111111111,0.385419279,0.6332707309,4.06E-02,7.26E-01,0.6527792861,0.3025057956,0,4.30E+00,0.2033753275,0,0.2341297437,0,0.4065282742,0,0.365989837,0
wine_quality_white,MCAR(0.2),OT,0.09039410524,0.1516742965,196.2045959,0.2,0.331840599,0.5960639501,2.50E-02,4.49E-01,0.3964227065,0.3178199755,0,3.19E+02,0.2545958293,0,0.2452575598,0,0.4141220473,0,0.3573044656,0
wine_quality_white,MCAR(0.2),softimpute,0.1706409995,0.1706409995,279.8623831,0.1944444444,0.3766116962,0.6395683672,1.06E-34,6.34E-17,0,0.309523583,0,49.75177479,0.2210795644,0,0.2327694183,0,0.4184116626,0,0.3658336868,0
wine_quality_white,MCAR(0.2),GAIN,0.07570471625,0.07707284378,136.298088,0.4722222222,0.1709392079,0.4659648124,3.08E-06,6.57E-03,0.00607286762,0.330141792,0,21.46904031,0.2630629296,0,0.263307642,0,0.4352545656,0,0.3589420308,0
tictactoe,MCAR(0.2),oracle,0,0,0,0,0,2.033511155,0.00E+00,0,0,0,0.8996244339,6.91E-06,0,0.9787439883,0,0.7195647636,0,0.9097889033,0,0.9904000804
tictactoe,MCAR(0.2),KNN(n_neighbors=1),0.5995466918,0.5995466918,0,0,0.9216185785,1.975024191,0,0,0,0,0.7743488935,0.03198750814,0,0.6841161492,0,0.6650217871,0,0.8504869502,0,0.8977706874
tictactoe,MCAR(0.2),MissForest,0.4398081451,0.5510487806,0,0,0.9026604377,1.958368819,0.01328016538,7.97E-01,0.5991263225,0,0.7922294767,91.3960162,0,0.7306363823,0,0.6775532629,0,0.8521797521,0,0.9085485095
tictactoe,MCAR(0.2),miceforest,0.3198117095,0.5224398914,0,0,0.8428215092,1.936403802,0.02376907138,1.426144283,1.104251123,0,0.7981278299,60.67532714,0,0.7431238621,0,0.6820834668,0,0.8585326483,0,0.9087713425
tictactoe,MCAR(0.2),ice,0.286816895,0.6395644143,0,0,0.98854842,2.036317783,4.14E-02,2.48E+00,2.02138894,0,0.7297766119,1.825261672,0,0.6708577865,0,0.6648500082,0,0.7656442888,0,0.817754364
tictactoe,MCAR(0.2),OT,0.4044140948,5.38E-01,0,0,0.866745395,1.968494129,1.45E-02,8.72E-01,0.6489383872,0,7.54E-01,471.7092677,0,0.6764742646,0,0.6626011656,0,0.8227737534,0,0.8542690808
tictactoe,MCAR(0.2),softimpute,0.6042755292,0.6042755292,0,0,1.02041206,2.073110883,0.00E+00,0.00E+00,0,0,0.7315047122,8.852000793,0,0.6674797757,0,0.6604024654,0,0.7736229663,0,0.8245136413
tictactoe,MCAR(0.2),GAIN,0.5983298853,0.6032781792,0,0,1.024075418,2.051167847,0.0005771316944,3.46E-02,0.02595631174,0,0.72968831,21.62248429,0,0.672381129,0,0.6493076073,0,0.7825584095,0,0.814506094
congress,MCAR(0.2),oracle,0,0,0,0,0,2.399776232,0,0,0,0,0.9466191907,6.36E-06,0,0.9278383913,0,0.95171629,0,0.9510797494,0,0.955842332
congress,MCAR(0.2),KNN(n_neighbors=1),0.297561544,0.297561544,0,0,0.8932948717,2.476891511,0,0,0,0,0.9470346744,0.01706409454,0,0.9396191196,0,0.9678095198,0,0.9449559973,0,0.9357540608
congress,MCAR(0.2),MissForest,0.221549331,0.2825272587,0,0,0.8777588829,2.439107663,0.006260411142,0.3756246685,0.278506029,0,0.944620063,128.0333378,0,0.9310817542,0,0.9518243655,0,0.9467764734,0,0.948797659
congress,MCAR(0.2),miceforest,0.1691908431,0.2941280845,0,0,0.8822314802,2.421703151,0.01276312996,0.7657877975,0.5718117717,0,0.9379821767,49.42406297,0,0.9159806814,0,0.9485784741,0,0.9427100312,0,0.94465952
congress,MCAR(0.2),ice,0.1792932216,0.4142836744,0,0,1.222987747,2.710560459,0.02945861844,1.77E+00,1.362622491,0,0.9445151728,3.015396198,0,0.9463960021,0,0.9455379622,0,0.9393625072,0,0.9467642197
congress,MCAR(0.2),OT,0.220014625,0.2845033995,0,0,0.8554595432,2.409590449,0.005874202867,3.52E-01,0.2582993675,0,0.9401749996,465.3484719,0,0.9278573324,0,0.9420880613,0,0.9469403717,0,0.9438142329
congress,MCAR(0.2),softimpute,0.3496762976,0.3496762976,0,0,1.108896002,2.587896502,0,0.00E+00,0,0,0.935731023,9.033224503,0,0.9127393942,0,0.9559167025,0,0.9377102663,0,0.9365577293
congress,MCAR(0.2),GAIN,0.3521866126,3.62E-01,0,0,1.09368047,2.577968208,0.000688405424,4.13E-02,0.03085950105,0,9.47E-01,23.771305,0,0.9420354279,0,0.9559386793,0,0.9497918034,0,0.9409228971
car,MCAR(0.2),oracle,0,0,0,0,0,1.101833408,0,0.00E+00,0,0,0.7444092371,5.96E-06,0,0.8649293999,0,0.5903696489,0,0.6097108019,0,0.9126270976
car,MCAR(0.2),KNN(n_neighbors=1),0.676417461,0.676417461,0,0,0.5119341417,1.07688936,0,0.00E+00,0,0,0.6908170776,0.05852190653,0,0.7898432248,0,0.5425613635,0,0.6442654533,0,0.7865982686
car,MCAR(0.2),MissForest,0.5833549195,0.7064395354,0,0,0.6433609558,1.160241598,0.01370283639,0.9590481591,0.7290396136,0,0.7017646898,65.32679621,0,0.8321984485,0,0.5530579376,0,0.6089700054,0,0.8128323676
car,MCAR(0.2),miceforest,0.3448248763,0.6896075104,0,0,0.50678238,1.073193462,0.03532650543,2.472453745,2.019006608,0,0.6521713977,19.88291113,0,0.7489090141,0,0.5537857582,0,0.5869903665,0,0.719000452
car,MCAR(0.2),ice,0.3050823186,0.6868911122,0,0,0.4442312182,1.053850941,0.03825698871,2.677563274,2.212995414,0,0.6648280376,1.234414895,0,0.7663600821,0,0.6611199067,0,0.5584405106,0,0.673391651
car,MCAR(0.2),OT,0.4861968953,0.673364251,0,0,0.5668326486,1.110794398,0.01886384439,1.320320425,0.9994166767,0,0.7309481028,491.5209327,0,0.842899468,0,0.6799579522,0,0.6017322293,0,0.7992027617
car,MCAR(0.2),softimpute,0.6993525223,0.6993525223,0,0,0.6912462177,1.14395716,0,0.00E+00,0,0,0.6630998464,10.3351717,0,0.7648119122,0,0.6603627958,0,0.540160334,0,0.6870643438
car,MCAR(0.2),GAIN,0.6759781344,0.6866209368,0,0,0.7210660218,1.126428207,0.001050936718,0.07361670743,0.05409994592,0,0.6608243166,22.10077031,0,0.7515224978,0,0.6249543727,0,0.5656256117,0,0.7011947842
california,MCAR(0.2),ice,0.0349853345,0.08819027398,36.5765789,0.2222222222,0,0,0.0130885915,3.14E-01,0.291127775,0.6521616331,0,6.701618671,0.5887163172,0,0.4228808849,0,0.7915346348,0,0.8055146956,0
california,MCAR(0.2),OT,0.07721131478,9.30E-02,75.45880371,0.1851851852,0,0,0.0004584444479,6.11E-02,0.05607326549,0.6256065322,0.00E+00,125.790948,0.539726431,0,0.396628198,0,0.772334689,0,0.7937368108,0
california,MCAR(0.2),softimpute,0.1410082246,0.1410082246,90.02554716,0.1851851852,0,0,8.32E-35,7.20E-17,0,0.6267298857,0,145.3868548,0.5047511301,0,0.4299960112,0,0.776568346,0,0.7956040556,0
california,MCAR(0.2),GAIN,0.08834182686,0.08979683402,68.25502395,0.1851851852,0,0,3.43E-06,5.75E-03,0.005317132517,0.6403324354,0,23.15450621,0.5472380184,0,0.4426946693,0,0.7733842927,0,0.7980127612,0
bean,MCAR(0.2),oracle,0,0,0,0,0,0,4.13E-34,1.19E-16,0,0,0.7995593024,6.20E-06,0,0.8182021116,0,0.5081498776,0,0.9339874155,0,0.9378978047
bean,MCAR(0.2),KNN(n_neighbors=1),0.02437188987,0.02437159177,0,0,0,0,3.96E-34,1.18E-16,0,0,0.8046422989,10.23333748,0,0.7767861114,0,0.5728977003,0,0.9333511712,0,0.9355342126
bean,MCAR(0.2),MissForest,0.01109341882,0.01285122883,0,0,0,0,1.89E-05,0.006899104021,0.006360934742,0,0.8335131141,1161.34898,0,0.8391473075,0,0.6231486536,0,0.9347707833,0,0.9369857118
bean,MCAR(0.2),miceforest,0.008022776331,0.01842151676,0,0,0,0,0.0009930984082,0.05647073807,0.05198726522,0,0.8218789312,71.51956701,0,0.8298713848,0,0.5880432567,0,0.9333859698,0,0.9362151135
bean,MCAR(0.2),ice,0.03374642037,0.06506700906,0,0,0,0,0.007007319746,2.73E-01,0.2524843541,0,0.7939697169,17.89114475,0,0.8083816605,0,0.5044452744,0,0.9292771214,0,0.9337748112
bean,MCAR(0.2),OT,0.1616420205,0.2621778968,0,0,0,0,0.07538739298,0.9112124633,0.7754428473,0,0.7278772262,109.6208738,0,0.6721738365,0,0.3780339657,0,0.9278068673,0,0.9334942354
bean,MCAR(0.2),softimpute,0.3259404632,0.3259404632,0,0,0,0,2.20E-34,1.09E-16,0,0,0.7186240712,182.6149727,0,0.7160905563,0,0.2946755282,0,0.9301458972,0,0.9335843031
bean,MCAR(0.2),GAIN,0.03019982803,3.11E-02,0,0,0,0,1.47E-06,4.18E-03,0.003874635208,0,7.57E-01,24.03149907,0,0.7879438563,0,0.3721665136,0,0.9333242554,0,0.9351822694
